{
    "cord_uid": "PMC6988272",
    "sourcedb": "PMC",
    "sourceid": "PMC6988272",
    "text": "A novel coronavirus (2019-nCoV) causing severe acute respiratory disease emerged recently in Wuhan, China. Information on reported cases strongly indicates human-to-human spread, and the most recent information is increasingly indicative of sustained human-to-human transmission. While the overall severity profile among cases may change as more mild cases are identified, we estimate a risk of fatality among hospitalised cases at 14% (95% confidence interval: 3.9-32%). ",
    "denotations": [
        {
            "id": "Virus_SARS-CoV-2",
            "span": {
                "begin": 2,
                "end": 19
            },
            "obj": "https://www.ncbi.nlm.nih.gov/pmc/articles/PMC6988272/"
        },
        {
            "id": "Disease_COVID-19",
            "span": {
                "begin": 40,
                "end": 72
            },
            "obj": "https://www.ncbi.nlm.nih.gov/pmc/articles/PMC6988272/"
        },
        {
            "id": "Virus_SARS-CoV-2",
            "span": {
                "begin": 21,
                "end": 30
            },
            "obj": "https://www.ncbi.nlm.nih.gov/pmc/articles/PMC6988272/"
        }
    ]
}