{
    "cord_uid": "PMC7077245",
    "sourcedb": "PMC",
    "sourceid": "PMC7077245",
    "text": "Return of the Coronavirus: 2019-nCoV. ",
    "denotations": [
        {
            "id": "Virus_SARS-CoV-2",
            "span": {
                "begin": 27,
                "end": 36
            },
            "obj": "https://doi.org/10.3390/v12020135"
        },
        {
            "id": "Virus_family",
            "span": {
                "begin": 14,
                "end": 25
            },
            "obj": "https://doi.org/10.3390/v12020135"
        }
    ]
}