{
    "cord_uid": "PMC7054940",
    "sourcedb": "PMC",
    "sourceid": "PMC7054940",
    "text": "Emerging novel coronavirus (2019-nCoV)-current scenario, evolutionary perspective based on genome analysis and recent developments. ",
    "denotations": [
        {
            "id": "Virus_SARS-CoV-2",
            "span": {
                "begin": 0,
                "end": 26
            },
            "obj": "https://www.ncbi.nlm.nih.gov/pmc/articles/PMC7054940/"
        },
        {
            "id": "Virus_SARS-CoV-2",
            "span": {
                "begin": 28,
                "end": 37
            },
            "obj": "https://www.ncbi.nlm.nih.gov/pmc/articles/PMC7054940/"
        }
    ]
}