{
    "cord_uid": "PMC7033720",
    "sourcedb": "PMC",
    "sourceid": "PMC7033720",
    "text": "RNA based mNGS approach identifies a novel human coronavirus from two individual pneumonia cases in 2019 Wuhan outbreak. ",
    "denotations": [
        {
            "id": "Virus_SARS-CoV-2",
            "span": {
                "begin": 37,
                "end": 60
            },
            "obj": "https://www.ncbi.nlm.nih.gov/pmc/articles/PMC7033720/"
        },
        {
            "id": "Disease_other",
            "span": {
                "begin": 81,
                "end": 90
            },
            "obj": "https://www.ncbi.nlm.nih.gov/pmc/articles/PMC7033720/"
        }
    ]
}