{
    "cord_uid": "PMC7110798",
    "sourcedb": "PMC",
    "sourceid": "PMC7110798",
    "text": "Preliminary estimation of the basic reproduction number of novel coronavirus (2019-nCoV) in China, from 2019 to 2020: A data-driven analysis in the early phase of the outbreak. ",
    "denotations": [
        {
            "id": "Virus_SARS-CoV-2",
            "span": {
                "begin": 59,
                "end": 76
            },
            "obj": "n/a"
        },
        {
            "id": "Virus_SARS-CoV-2",
            "span": {
                "begin": 78,
                "end": 87
            },
            "obj": "n/a"
        }
    ]
}