{
    "paper_id": "47266ea82145a11ad6e82db70a4d0fbd86a27cb2",
    "metadata": {
        "title": "SNAD: sequence name annotation-based designer",
        "authors": [
            {
                "first": "Igor",
                "middle": [
                    "A"
                ],
                "last": "Sidorov",
                "suffix": "",
                "affiliation": {},
                "email": ""
            },
            {
                "first": "Denis",
                "middle": [
                    "A"
                ],
                "last": "Reshetov",
                "suffix": "",
                "affiliation": {
                    "laboratory": "",
                    "institution": "Moscow State University",
                    "location": {
                        "postCode": "119899",
                        "settlement": "Moscow",
                        "country": "Russia"
                    }
                },
                "email": "denisareshetov-reshetov@genebee.msu.ru"
            },
            {
                "first": "Alexander",
                "middle": [
                    "E"
                ],
                "last": "Gorbalenya",
                "suffix": "",
                "affiliation": {
                    "laboratory": "",
                    "institution": "Moscow State University",
                    "location": {
                        "postCode": "119899",
                        "settlement": "Moscow",
                        "country": "Russia"
                    }
                },
                "email": "alexanderegorbalenya*-a.e.gorbalenya@lumc.nl"
            }
        ]
    },
    "abstract": [
        {
            "text": "Background: A growing diversity of biological data is tagged with unique identifiers (UIDs) associated with polynucleotides and proteins to ensure efficient computer-mediated data storage, maintenance, and processing. These identifiers, which are not informative for most people, are often substituted by biologically meaningful names in various presentations to facilitate utilization and dissemination of sequence-based knowledge. This substitution is commonly done manually that may be a tedious exercise prone to mistakes and omissions.",
            "cite_spans": [],
            "ref_spans": [],
            "section": "Abstract"
        },
        {
            "text": "Here we introduce SNAD (Sequence Name Annotation-based Designer) that mediates automatic conversion of sequence UIDs (associated with multiple alignment or phylogenetic tree, or supplied as plain text list) into biologically meaningful names and acronyms. This conversion is directed by precompiled or user-defined templates that exploit wealth of annotation available in cognate entries of external databases. Using examples, we demonstrate how this tool can be used to generate names for practical purposes, particularly in virology.",
            "cite_spans": [],
            "ref_spans": [],
            "section": "Abstract"
        },
        {
            "text": "A tool for controllable annotation-based conversion of sequence UIDs into biologically meaningful names and acronyms has been developed and placed into service, fostering links between quality of sequence annotation, and efficiency of communication and knowledge dissemination among researchers.",
            "cite_spans": [],
            "ref_spans": [],
            "section": "Abstract"
        }
    ],
    "body_text": [
        {
            "text": "Identifiers (ID) composed of alphanumeric and other symbols are commonly used for tagging protein and nucleotide sequences and associated annotation in Gen-Bank [1], UniProt [2] , and other sources that either use these sequences or deal with molecular properties of associated biological entities (Table 1) . For instance in Uni-Prot, the primary accession number is the sole UID. In GenBank three fields, locus, accession and version, carry four different IDs, but only gi number (known also as primary ID) and accession number combined with version form unique IDs (UIDs). Each UID is assigned to a single entry. In contrast, a particular non-unique ID may be found in numerous entries. The UIDs ensure efficient computer-mediated data storage, maintenance and processing. To facilitate data mapping and transfer between different databases, in which ID inter-conversion plays important part, several specialized resources including GoMiner [3] , ErmineJ [4] , SOURCE [5] , RESOURCERER [6] ; IDconverter and IDClight [7] , and DAVID [8] have been developed.",
            "cite_spans": [
                {
                    "start": 174,
                    "end": 177,
                    "text": "[2]",
                    "ref_id": "BIBREF2"
                },
                {
                    "start": 944,
                    "end": 947,
                    "text": "[3]",
                    "ref_id": "BIBREF3"
                },
                {
                    "start": 958,
                    "end": 961,
                    "text": "[4]",
                    "ref_id": "BIBREF4"
                },
                {
                    "start": 971,
                    "end": 974,
                    "text": "[5]",
                    "ref_id": "BIBREF5"
                },
                {
                    "start": 989,
                    "end": 992,
                    "text": "[6]",
                    "ref_id": "BIBREF6"
                },
                {
                    "start": 1020,
                    "end": 1023,
                    "text": "[7]",
                    "ref_id": "BIBREF7"
                },
                {
                    "start": 1036,
                    "end": 1039,
                    "text": "[8]",
                    "ref_id": "BIBREF8"
                }
            ],
            "ref_spans": [
                {
                    "start": 298,
                    "end": 307,
                    "text": "(Table 1)",
                    "ref_id": "TABREF0"
                }
            ],
            "section": "Background"
        },
        {
            "text": "Sequence IDs are used for tagging sequences also in multiple sequence alignments and sequence-based phylogenetic trees in various presentations including publications [9] [10] [11] [12] ). Notwithstanding UniProt/SwissProt [2] entry names (Table 1) , these machine-readable IDs are not very informative in human communications. Consequently, sequence IDs are commonly replaced by biologically meaningful names and acronyms, e.g. species names in trees and gene/protein names in alignments. When a large-scale dataset is to be processed, manual replacement of IDs with names could be a tedious task prone to mistakes and omissions.",
            "cite_spans": [
                {
                    "start": 167,
                    "end": 170,
                    "text": "[9]",
                    "ref_id": "BIBREF9"
                },
                {
                    "start": 171,
                    "end": 175,
                    "text": "[10]",
                    "ref_id": "BIBREF10"
                },
                {
                    "start": 176,
                    "end": 180,
                    "text": "[11]",
                    "ref_id": "BIBREF11"
                },
                {
                    "start": 181,
                    "end": 185,
                    "text": "[12]",
                    "ref_id": "BIBREF12"
                },
                {
                    "start": 223,
                    "end": 226,
                    "text": "[2]",
                    "ref_id": "BIBREF2"
                }
            ],
            "ref_spans": [
                {
                    "start": 239,
                    "end": 248,
                    "text": "(Table 1)",
                    "ref_id": "TABREF0"
                }
            ],
            "section": "Background"
        },
        {
            "text": "By some considerations, the ID-to-name conversion for viral sequences is both of particular relevance and of considerable complexity. First, a large body of results in virus research can be linked to underlying sequences, owing to relatively small number of known viruses and comparatively small sizes of their extensively characterized genomes. Second, the virus naming, at the species level and below, is not governed by either the binomial Latin name convention traditional for cellular organisms or another broadly accepted nomenclature [13] that complicates communication in virology. For species, naming viruses is under auspices of the International Committee of Virus Taxonomy (ICTV) [14] . At the isolate and strain level, it is left up to individuals or groups of researchers to decide how to proceed [15, 16] . Researchers studying few economically most important viruses developed nomenclatures restricted for these viruses [17] [18] [19] [20] [21] [22] . In contrast, each decision about naming that concerns a majority of viruses is an ad hoc and, often, lengthy process. Likewise, naming viruses with artificially designed genomes, which are not product of natural evolution [23] , is formally outside of the ICTV authority and completely unregulated.",
            "cite_spans": [
                {
                    "start": 541,
                    "end": 545,
                    "text": "[13]",
                    "ref_id": "BIBREF13"
                },
                {
                    "start": 692,
                    "end": 696,
                    "text": "[14]",
                    "ref_id": "BIBREF14"
                },
                {
                    "start": 811,
                    "end": 815,
                    "text": "[15,",
                    "ref_id": "BIBREF15"
                },
                {
                    "start": 816,
                    "end": 819,
                    "text": "16]",
                    "ref_id": "BIBREF16"
                },
                {
                    "start": 936,
                    "end": 940,
                    "text": "[17]",
                    "ref_id": "BIBREF17"
                },
                {
                    "start": 941,
                    "end": 945,
                    "text": "[18]",
                    "ref_id": "BIBREF18"
                },
                {
                    "start": 946,
                    "end": 950,
                    "text": "[19]",
                    "ref_id": "BIBREF19"
                },
                {
                    "start": 951,
                    "end": 955,
                    "text": "[20]",
                    "ref_id": "BIBREF20"
                },
                {
                    "start": 956,
                    "end": 960,
                    "text": "[21]",
                    "ref_id": "BIBREF21"
                },
                {
                    "start": 961,
                    "end": 965,
                    "text": "[22]",
                    "ref_id": "BIBREF22"
                },
                {
                    "start": 1190,
                    "end": 1194,
                    "text": "[23]",
                    "ref_id": "BIBREF23"
                }
            ],
            "ref_spans": [],
            "section": "Background"
        },
        {
            "text": "The problem of ID-to-name conversion has been partially addressed in the NEXUS alignment format [24] , which has a reserved part (block) for converting names in a predefined manner, and in the stand-alone tool Phyutility [25] that allows combining a limited number of GenBank characteristics with a custom separator to form sequence names. Here we introduce a dedicated web tool dubbed Sequence Name Annotation-based Designer (SNAD) that provides a versatile facility with user-friendly interface for automatic conversion of sequence UIDs into biologically informative names and acronyms in controllable manner using annotation associated with sequences. Several examples are provided to illustrate how SNAD can be used to generate names for practical purposes, particularly in virology. Implementation SNAD (ver. 1.6) is accessible at http://veb.lumc.nl/SNAD. SNAD code is written in Perl (BioPerl for dynamic retrieval of entries from databases, CGI for interfacing Perl code with web server, original Perl code for analysis of sequence objects retrieved from databases, and conversion of sequence annotation into complex names, part of application programming interface -API), JavaScript (graphical user interface for uploading data, designing format of name conversion and representing results), Java (part of API) and HTML for SNAD web site pages (see http://veb.lumc.nl/SNAD where a detailed description of all SNAD options and parameters can be found). SNAD can be used as a web server with APIs in Perl and Java available on SNAD web site. SNAD recognizes input as alignment or tree with the use of BioPerl drivers (Bio::TreeIO and Bio::AlignIO). If the input is not recognized as alignment or tree, SNAD processes it as a list of identifiers separated by one or more of the following symbols: space, new line, tabulator, or comma. To map IDs on database entries, Bio::DB::(GenBank, SwissProt, EMBL or SeqHound) drivers and Bio::EnsEMBL::DBSQL::DBAdaptor are used. SNAD uses standard BioPerl functions from Bio::Seq for extracting features/annotation from the database entries (GenBank/RefSeq/GenPept, UniProt, EMBL, SeqHound) or functions from database programming interface (EnsEMBL). Detailed description of all available functions is presented in \"Introduction\" page of the web site. SNAD code is available for downloading by noncommercial users per request sent to SNAD@lumc.nl.",
            "cite_spans": [
                {
                    "start": 96,
                    "end": 100,
                    "text": "[24]",
                    "ref_id": "BIBREF24"
                },
                {
                    "start": 221,
                    "end": 225,
                    "text": "[25]",
                    "ref_id": "BIBREF25"
                }
            ],
            "ref_spans": [],
            "section": "Background"
        },
        {
            "text": "The diagram of SNAD dataflow is shown in Figure 1 . The user submits sequence IDs, defines a format of conversion, and selects a database to be searched. Currently available databases include GenBank/RefSeq/GenPept, UniProt, EMBL, SeqHound and EnsEMBL (Gene and Transcripts divisions for Human sequences). SNAD extracts IDs from the input and queries the database with these IDs to locate associated annotation. After retrieving annotation, SNAD designs names according to a name template that defines name structure and annotationbased content for submitted entries. The final step of the SNAD-mediated processing is substitution of submitted IDs in the input with the designed names to return results to the user.",
            "cite_spans": [],
            "ref_spans": [
                {
                    "start": 41,
                    "end": 49,
                    "text": "Figure 1",
                    "ref_id": null
                }
            ],
            "section": "Results and discussion"
        },
        {
            "text": "The SNAD web site has six pages including a detailed guide to SNAD with examples (\"Introduction\"), program execution page (\"Execution\"), guided access to Java and Perl APIs (\"APIs\"), frequently asked questions page (\"FAQs\"), list of the SNAD versions (\"History\"), and \"Reference\" page. SNAD execution page has three vertically arranged sections: \"Before unique ID (UID) conversion\" for uploading input, \"Names/format designer\" for choosing and refining pre-compiled name templates, and \"After UID conversion\" for accessing output (Figure 2 ).",
            "cite_spans": [],
            "ref_spans": [
                {
                    "start": 530,
                    "end": 539,
                    "text": "(Figure 2",
                    "ref_id": null
                }
            ],
            "section": "Results and discussion"
        },
        {
            "text": "The input can be either copy-pasted or uploaded from a file. SNAD accepts IDs from five databases (Table 1) including GenBank (gi or accession number) and UniProt (accession number or entry name) that are automatically recognized in and extracted from the input data prepared in several formats: as part of tree ('newick' and 'nexus') and alignment ('fasta', 'msf', 'clustalw', 'nexus', 'phylip', 'mega' and 'stockholm') or supplied as a plain list ( Figure  2 ). Examples of IDs, unique and non-unique, in alignment, tree, and plain list are available for testing purposes. SNAD may accept input with non-unique IDs, e.g. Gen-Bank accession number or locus name, that are most popular among researchers. Since these IDs may be associated with multiple entries, SNAD must decide which entry is to be used to retrieve annotation. The adopted approach is to use the most recent entry that might be not the one the user aimed at to retrieve annotation. The user may request automatically generated ID-to-name log (see below) for checking the quality of the conversion. To ensure unequivocal ID processing the user must use UIDs in input. UIDs from one database can be used to query another non-cognate database in which it may be not recognized at all or recognized as non-unique IDs ( The user has a choice of reading SNAD output either on the \"Execution\" web page, or at a separate web page in plain text mode, or receiving it via e-mail. For tree input, SNAD generates, additionally to the standard output, a respective tree drawn to facilitate visual inspection of the generated names in graphic format. The web page output can be enhanced with links to cognate entries accessible through the generated names.",
            "cite_spans": [],
            "ref_spans": [
                {
                    "start": 98,
                    "end": 107,
                    "text": "(Table 1)",
                    "ref_id": "TABREF0"
                },
                {
                    "start": 451,
                    "end": 460,
                    "text": "Figure  2",
                    "ref_id": null
                }
            ],
            "section": "Results and discussion"
        },
        {
            "text": "There are two ways of defining format of the UID conversion: using either precompiled or user-defined name templates. The user is currently provided with several precompiled templates for name generation, which can be used \"as is\" or after refinement (see below). Each template is accompanied with examples of input to illustrate its usage. \"Entry name\" template can be useful for identifying misspelled identifiers, as well as for comparative inspection of basic information about the entries in UniProt. Two other templates (\"Gene\" and \"Species\") can be used for converting UIDs into gene and species names, respectively, as they are specified in GenBank. The \"Complex species name\" template combines full species name with primary ID (gi) that are neatly separated. The \"Complex protein name\" includes primary ID, condensed species name, protein description and CDS, and locus tag, in a size restricted manner to facilitate reading a complex name structure. These templates are suited for producing names of sequences originated from a wide range of organisms. \"Acronym\" template converts GenBank organism name annotation into acronym. Three templates were designed specifically for viruses to address specifics of this group for which the naming remains a matter of debate [15, 17] . For several medically important viruses with large sampling from the natural diversity, e.g. influenza and noroviruses [18, 22] , names conventions were accepted by the field to include reference to serotype, host species, country of isolation, strain or isolate name, collection date and, for influenza viruses, subtype. These names are part of the GenBank entries where from they can be readily extracted. To demonstrate that similar names can be also generated on-the-fly from two components, using the isolate/strain and serotype fields in respective entries, a separate \"Influenza virus name\" template is provided. We extended this approach by designing two other virus templates, \"Complex virus name I\" and \"Complex virus name II\", that could generate names with complex structure for majority of other viruses for which no consensus on the naming has been reached. These templates combine information from up to six separate entry fields, each keeping an elementary record e.g. about date or place of virus isolation. \"Complex virus name II\" additionally includes reference to protein function. These templates could help researchers studying many viruses, e.g. coronaviruses and picornaviruses [15] communicate their sequence-based data in a name format similar to that accepted for influenza virus. SNAD-mediated solution to the generation of complex virus names reinforces the role of diverse fields in sequence entries as the primary source of information. If these fields are completed with records as expected, virus names can be readily generated under different and evolving conventions. Thus, SNAD provides a tool for explora-SNAD dataflow Figure 1 SNAD dataflow. User submits sequence UIDs and defines a format of conversion by choosing a template. SNAD analyzes the input, extracts UIDs from it and queries a user-defined database to locate cognate entries. The next step is extracting annotation from the entries and parsing the user-selected template to generate separate parts. They are mapped onto annotation to produce name parts, which are combined into names according to the template. Finally, SNAD substitutes the submitted UIDs in list, alignment, or tree with the designed names and returns results to the user. Unique IDs conversion with SNAD. Nine IDs from GenBank (section \"Before UID conversion\") are converted using a pre-compiled four-characteristic template \"Complex protein name\" that includes the following GenBank characteristics: \"Primary ID\" (gi number); organism name formatted as \"G [enus].species\"; protein product and gene locus tag. Three delimiters are used: space, \" [\" and \"]\", and none of characteristics is abbreviated. First three characteristics have their size limited to: 9, 6, and 17 symbols, respectively. Results of the conversion are shown in \"After UID conversion\" section. Each arrow links a delimiter to a part of converted names. {...} indicates that more than one organism name characteristic is found for a submitted ID (see [GenBank/Protein: 126224], features source/organism). SNAD users can initiate refining of any of the provided templates (by using \"Refine name template\" option) or generate de novo templates by choosing \"User defined\" template that automatically activates the refining mode. In both instances, the advanced template-building facility becomes available for the user. It empowers the user with fine control over the output name format, including the number of independently designed parts of the name, characteristic of each part, parts order, size of each part, and type of delimiter preceding each part ( Figure 2 ). Design of each part in the name is controlled by a separate row. The name parts -from left to right -are defined by respective rows in the template-building facility from top to bottom. Rows can be moved up and down or deleted and inserted with a respective effect on the name structure and content. For retrieving sequence characteristics from database entries SNAD uses BioPerl scheme with internally controlled vocabulary of annotation [26] . Information from two or more annotation fields can also be combined in a single characteristic in a template. For instance, for virus name templates, a combination \"strain OR isolate\" may be used to form a characteristic. For name designing, the user can choose from a dropdown menu of sequence characteristics and features that were derived from available databases. These characteristics can be used separately or in combination to design a name format that can combine, for instance, unique reference to the original database with a concise biological description of the entry (see Figure 2 for an example). For characteristics which values are described with several words, first letters of these words can be combined using characteristic's \"abbreviate\" option to produce acronyms. If a selected characteristic is not available in annotation for a sequence, it is replaced in the sequence name with a symbol that the user selected from a separate drop-down menu. Due to gaps in annotation, names designed with the templates may not be complete for every entry.",
            "cite_spans": [
                {
                    "start": 1277,
                    "end": 1281,
                    "text": "[15,",
                    "ref_id": "BIBREF15"
                },
                {
                    "start": 1282,
                    "end": 1285,
                    "text": "17]",
                    "ref_id": "BIBREF17"
                },
                {
                    "start": 1407,
                    "end": 1411,
                    "text": "[18,",
                    "ref_id": "BIBREF18"
                },
                {
                    "start": 1412,
                    "end": 1415,
                    "text": "22]",
                    "ref_id": "BIBREF22"
                },
                {
                    "start": 2490,
                    "end": 2494,
                    "text": "[15]",
                    "ref_id": "BIBREF15"
                },
                {
                    "start": 5334,
                    "end": 5338,
                    "text": "[26]",
                    "ref_id": "BIBREF26"
                }
            ],
            "ref_spans": [
                {
                    "start": 2944,
                    "end": 2952,
                    "text": "Figure 1",
                    "ref_id": null
                },
                {
                    "start": 4883,
                    "end": 4891,
                    "text": "Figure 2",
                    "ref_id": null
                },
                {
                    "start": 5926,
                    "end": 5934,
                    "text": "Figure 2",
                    "ref_id": null
                }
            ],
            "section": "Results and discussion"
        },
        {
            "text": "SNAD has a menu that controls output display interactively. By default, output includes ID-to-name log in which selected information about generated names is detailed in table format that can be downloaded as an Excel file. This table can be useful for controlling the name generation procedure and preparing legends to accompany an alignment or a phylogenetic tree in publication. The user can also extract IDs from submitted alignment or tree by activating \"names only\" option, or retrieve annotation from cognate entries in table format. In the current implementation of SNAD, the most time-consuming stage is data retrieval from databases. For large queries and complex name formats, also using API, it is therefore advisable to start with less than 10 sequences to design a format to be used for the full query. Queries containing up to 500 IDs and including sequence alignments up to 50000 characters can be processed through SNAD web page. For queries containing more than 500 IDs, the user is advised to use one of the SNAD APIs.",
            "cite_spans": [],
            "ref_spans": [],
            "section": "Results and discussion"
        },
        {
            "text": "The availability of description for characteristics in a particular set of entries from databases is a major factor determining how well names designed with SNAD match expectation. The amount and accuracy of annotation in sequence databases vary markedly between entries that has been a major concern for the bioinformatics community continuously working toward improving this critical aspect of sequence databases [7, 8, 27] . Involving other researchers in this effort, especially those who submit original sequence annotation in the first place, could accelerate the process. We hope that through using SNAD service, researchers could see immediate benefits from better annotation for their research that may create impetus for contributing quality annotation to public databases. To improve the user experience with SNAD, we plan to expand the diversity of databases and templates upon future upgrades of SNAD. Any template that the users designed and considered useful could be included in the future SNAD releases.",
            "cite_spans": [
                {
                    "start": 415,
                    "end": 418,
                    "text": "[7,",
                    "ref_id": "BIBREF7"
                },
                {
                    "start": 419,
                    "end": 421,
                    "text": "8,",
                    "ref_id": "BIBREF8"
                },
                {
                    "start": 422,
                    "end": 425,
                    "text": "27]",
                    "ref_id": "BIBREF27"
                }
            ],
            "ref_spans": [],
            "section": "Results and discussion"
        },
        {
            "text": "A tool for controllable annotation-based conversion of sequence UIDs into biologically meaningful names and acronyms has been developed and placed into service, fostering links between quality of sequence annotation, and efficiency of communication and knowledge dissemination among researchers. ",
            "cite_spans": [],
            "ref_spans": [],
            "section": "Conclusion"
        }
    ],
    "bib_entries": {
        "BIBREF0": {
            "ref_id": "b0",
            "title": "and requirements Project name: SNAD, Sequence Name Annotation-based Designer",
            "authors": [],
            "year": null,
            "venue": "",
            "volume": "",
            "issn": "",
            "pages": "",
            "other_ids": {}
        },
        "BIBREF2": {
            "ref_id": "b2",
            "title": "UniProt: the Universal Protein knowledgebase",
            "authors": [
                {
                    "first": "R",
                    "middle": [],
                    "last": "Apweiler",
                    "suffix": ""
                },
                {
                    "first": "A",
                    "middle": [],
                    "last": "Bairoch",
                    "suffix": ""
                },
                {
                    "first": "C",
                    "middle": [
                        "H"
                    ],
                    "last": "Wu",
                    "suffix": ""
                },
                {
                    "first": "W",
                    "middle": [
                        "C"
                    ],
                    "last": "Barker",
                    "suffix": ""
                },
                {
                    "first": "B",
                    "middle": [],
                    "last": "Boeckmann",
                    "suffix": ""
                },
                {
                    "first": "S",
                    "middle": [],
                    "last": "Ferro",
                    "suffix": ""
                },
                {
                    "first": "E",
                    "middle": [],
                    "last": "Gasteiger",
                    "suffix": ""
                },
                {
                    "first": "H",
                    "middle": [],
                    "last": "Huang",
                    "suffix": ""
                },
                {
                    "first": "R",
                    "middle": [],
                    "last": "Lopez",
                    "suffix": ""
                },
                {
                    "first": "M",
                    "middle": [],
                    "last": "Magrane",
                    "suffix": ""
                }
            ],
            "year": 2004,
            "venue": "Nucl Acids Res",
            "volume": "32",
            "issn": "",
            "pages": "115--119",
            "other_ids": {}
        },
        "BIBREF3": {
            "ref_id": "b3",
            "title": "GoMiner: a resource for biological interpretation of genomic and proteomic data",
            "authors": [
                {
                    "first": "B",
                    "middle": [
                        "R"
                    ],
                    "last": "Zeeberg",
                    "suffix": ""
                },
                {
                    "first": "W",
                    "middle": [],
                    "last": "Feng",
                    "suffix": ""
                },
                {
                    "first": "G",
                    "middle": [],
                    "last": "Wang",
                    "suffix": ""
                },
                {
                    "first": "M",
                    "middle": [
                        "D"
                    ],
                    "last": "Wang",
                    "suffix": ""
                },
                {
                    "first": "A",
                    "middle": [
                        "T"
                    ],
                    "last": "Fojo",
                    "suffix": ""
                },
                {
                    "first": "M",
                    "middle": [],
                    "last": "Sunshine",
                    "suffix": ""
                },
                {
                    "first": "S",
                    "middle": [],
                    "last": "Narasimhan",
                    "suffix": ""
                },
                {
                    "first": "D",
                    "middle": [
                        "W"
                    ],
                    "last": "Kane",
                    "suffix": ""
                },
                {
                    "first": "W",
                    "middle": [
                        "C"
                    ],
                    "last": "Reinhold",
                    "suffix": ""
                },
                {
                    "first": "S",
                    "middle": [],
                    "last": "Lababidi",
                    "suffix": ""
                }
            ],
            "year": 2003,
            "venue": "Genome Biology",
            "volume": "4",
            "issn": "",
            "pages": "",
            "other_ids": {}
        },
        "BIBREF4": {
            "ref_id": "b4",
            "title": "ErmineJ: Tool for functional analysis of gene expression data sets",
            "authors": [
                {
                    "first": "H",
                    "middle": [
                        "K"
                    ],
                    "last": "Lee",
                    "suffix": ""
                },
                {
                    "first": "W",
                    "middle": [],
                    "last": "Braynen",
                    "suffix": ""
                },
                {
                    "first": "K",
                    "middle": [],
                    "last": "Keshav",
                    "suffix": ""
                },
                {
                    "first": "P",
                    "middle": [],
                    "last": "Pavlidis",
                    "suffix": ""
                }
            ],
            "year": 2005,
            "venue": "BMC Bioinformatics",
            "volume": "6",
            "issn": "",
            "pages": "",
            "other_ids": {}
        },
        "BIBREF5": {
            "ref_id": "b5",
            "title": "SOURCE: a unified genomic resource of functional annotations, ontologies, and gene expression data",
            "authors": [
                {
                    "first": "M",
                    "middle": [],
                    "last": "Diehn",
                    "suffix": ""
                },
                {
                    "first": "G",
                    "middle": [],
                    "last": "Sherlock",
                    "suffix": ""
                },
                {
                    "first": "G",
                    "middle": [],
                    "last": "Binkley",
                    "suffix": ""
                },
                {
                    "first": "H",
                    "middle": [],
                    "last": "Jin",
                    "suffix": ""
                },
                {
                    "first": "J",
                    "middle": [
                        "C"
                    ],
                    "last": "Matese",
                    "suffix": ""
                },
                {
                    "first": "T",
                    "middle": [],
                    "last": "Hernandez-Boussard",
                    "suffix": ""
                },
                {
                    "first": "C",
                    "middle": [
                        "A"
                    ],
                    "last": "Rees",
                    "suffix": ""
                },
                {
                    "first": "J",
                    "middle": [
                        "M"
                    ],
                    "last": "Cherry",
                    "suffix": ""
                },
                {
                    "first": "D",
                    "middle": [],
                    "last": "Botstein",
                    "suffix": ""
                },
                {
                    "first": "P",
                    "middle": [
                        "O"
                    ],
                    "last": "Brown",
                    "suffix": ""
                }
            ],
            "year": 2003,
            "venue": "Nucl Acids Res",
            "volume": "31",
            "issn": "",
            "pages": "219--223",
            "other_ids": {}
        },
        "BIBREF6": {
            "ref_id": "b6",
            "title": "RESOURCERER: a database for annotating and linking microarray resources within and across species",
            "authors": [
                {
                    "first": "J",
                    "middle": [],
                    "last": "Tsai",
                    "suffix": ""
                },
                {
                    "first": "R",
                    "middle": [],
                    "last": "Sultana",
                    "suffix": ""
                },
                {
                    "first": "Y",
                    "middle": [],
                    "last": "Lee",
                    "suffix": ""
                },
                {
                    "first": "G",
                    "middle": [],
                    "last": "Pertea",
                    "suffix": ""
                },
                {
                    "first": "S",
                    "middle": [],
                    "last": "Karamycheva",
                    "suffix": ""
                },
                {
                    "first": "V",
                    "middle": [],
                    "last": "Antonescu",
                    "suffix": ""
                },
                {
                    "first": "J",
                    "middle": [],
                    "last": "Cho",
                    "suffix": ""
                },
                {
                    "first": "B",
                    "middle": [],
                    "last": "Parvizi",
                    "suffix": ""
                },
                {
                    "first": "F",
                    "middle": [],
                    "last": "Cheung",
                    "suffix": ""
                },
                {
                    "first": "J",
                    "middle": [],
                    "last": "Quackenbush",
                    "suffix": ""
                }
            ],
            "year": 2001,
            "venue": "Genome Biology",
            "volume": "2",
            "issn": "",
            "pages": "1--4",
            "other_ids": {}
        },
        "BIBREF7": {
            "ref_id": "b7",
            "title": "IDconverter and IDClight: Conversion and annotation of gene and protein IDs",
            "authors": [
                {
                    "first": "A",
                    "middle": [],
                    "last": "Alibes",
                    "suffix": ""
                },
                {
                    "first": "P",
                    "middle": [],
                    "last": "Yankilevich",
                    "suffix": ""
                },
                {
                    "first": "A",
                    "middle": [],
                    "last": "Canada",
                    "suffix": ""
                },
                {
                    "first": "R",
                    "middle": [],
                    "last": "Az-Uriarte",
                    "suffix": ""
                }
            ],
            "year": 2007,
            "venue": "BMC Bioinformatics",
            "volume": "8",
            "issn": "",
            "pages": "9--17",
            "other_ids": {}
        },
        "BIBREF8": {
            "ref_id": "b8",
            "title": "DAVID Knowledgebase: a gene-centered database integrating heterogeneous gene annotation resources to facilitate high-throughput gene functional analysis",
            "authors": [
                {
                    "first": "B",
                    "middle": [
                        "T"
                    ],
                    "last": "Sherman",
                    "suffix": ""
                },
                {
                    "first": "D",
                    "middle": [
                        "W"
                    ],
                    "last": "Huang",
                    "suffix": ""
                },
                {
                    "first": "Q",
                    "middle": [],
                    "last": "Tan",
                    "suffix": ""
                },
                {
                    "first": "Y",
                    "middle": [],
                    "last": "Guo",
                    "suffix": ""
                },
                {
                    "first": "S",
                    "middle": [],
                    "last": "Bour",
                    "suffix": ""
                },
                {
                    "first": "D",
                    "middle": [],
                    "last": "Liu",
                    "suffix": ""
                },
                {
                    "first": "R",
                    "middle": [],
                    "last": "Stephens",
                    "suffix": ""
                },
                {
                    "first": "M",
                    "middle": [
                        "W"
                    ],
                    "last": "Baseler",
                    "suffix": ""
                },
                {
                    "first": "C",
                    "middle": [
                        "H"
                    ],
                    "last": "Lane",
                    "suffix": ""
                },
                {
                    "first": "R",
                    "middle": [
                        "A"
                    ],
                    "last": "Lempicki",
                    "suffix": ""
                }
            ],
            "year": 2007,
            "venue": "BMC Bioinformatics",
            "volume": "8",
            "issn": "",
            "pages": "426--436",
            "other_ids": {}
        },
        "BIBREF9": {
            "ref_id": "b9",
            "title": "A non-canonical lon proteinase lacking the ATPase domain employs the ser-Lys catalytic dyad to exercise broad control over the life cycle of a double-stranded RNA virus",
            "authors": [
                {
                    "first": "C",
                    "middle": [],
                    "last": "Birghan",
                    "suffix": ""
                },
                {
                    "first": "E",
                    "middle": [],
                    "last": "Mundt",
                    "suffix": ""
                },
                {
                    "first": "A",
                    "middle": [
                        "E"
                    ],
                    "last": "Gorbalenya",
                    "suffix": ""
                }
            ],
            "year": 2000,
            "venue": "EMBO Journal",
            "volume": "19",
            "issn": "",
            "pages": "114--123",
            "other_ids": {}
        },
        "BIBREF10": {
            "ref_id": "b10",
            "title": "Phylogeny of the genus Arenavirus",
            "authors": [
                {
                    "first": "R",
                    "middle": [
                        "N"
                    ],
                    "last": "Charrel",
                    "suffix": ""
                },
                {
                    "first": "X",
                    "middle": [],
                    "last": "De Lamballerie",
                    "suffix": ""
                },
                {
                    "first": "S",
                    "middle": [],
                    "last": "Emonet",
                    "suffix": ""
                }
            ],
            "year": 2008,
            "venue": "Current Opinion in Microbiology",
            "volume": "11",
            "issn": "",
            "pages": "362--368",
            "other_ids": {}
        },
        "BIBREF11": {
            "ref_id": "b11",
            "title": "A highly prevalent and genetically diversified Picornaviridae genus in South Asian children",
            "authors": [
                {
                    "first": "A",
                    "middle": [],
                    "last": "Kapoor",
                    "suffix": ""
                },
                {
                    "first": "J",
                    "middle": [],
                    "last": "Victoria",
                    "suffix": ""
                },
                {
                    "first": "P",
                    "middle": [],
                    "last": "Simmonds",
                    "suffix": ""
                },
                {
                    "first": "E",
                    "middle": [],
                    "last": "Slikas",
                    "suffix": ""
                },
                {
                    "first": "T",
                    "middle": [],
                    "last": "Chieochansin",
                    "suffix": ""
                },
                {
                    "first": "A",
                    "middle": [],
                    "last": "Naeem",
                    "suffix": ""
                },
                {
                    "first": "S",
                    "middle": [],
                    "last": "Shaukat",
                    "suffix": ""
                },
                {
                    "first": "S",
                    "middle": [],
                    "last": "Sharif",
                    "suffix": ""
                },
                {
                    "first": "M",
                    "middle": [
                        "M"
                    ],
                    "last": "Alam",
                    "suffix": ""
                },
                {
                    "first": "M",
                    "middle": [],
                    "last": "Angez",
                    "suffix": ""
                }
            ],
            "year": 2008,
            "venue": "Proceedings of National Academy of Sciences",
            "volume": "105",
            "issn": "",
            "pages": "20482--20487",
            "other_ids": {}
        },
        "BIBREF12": {
            "ref_id": "b12",
            "title": "A comparative sequence analysis to revise the current taxonomy of the family Coronaviridae",
            "authors": [
                {
                    "first": "J",
                    "middle": [
                        "M"
                    ],
                    "last": "Gonzalez",
                    "suffix": ""
                },
                {
                    "first": "P",
                    "middle": [],
                    "last": "Gomez-Puertas",
                    "suffix": ""
                },
                {
                    "first": "D",
                    "middle": [
                        "A"
                    ],
                    "last": "Cavanagh",
                    "suffix": ""
                },
                {
                    "first": "A",
                    "middle": [
                        "E"
                    ],
                    "last": "Gorbalenya",
                    "suffix": ""
                },
                {
                    "first": "L",
                    "middle": [],
                    "last": "Enjuanes",
                    "suffix": ""
                }
            ],
            "year": 2003,
            "venue": "Archives of Virology",
            "volume": "148",
            "issn": "",
            "pages": "2207--2235",
            "other_ids": {}
        },
        "BIBREF13": {
            "ref_id": "b13",
            "title": "Virus nomenclature: consensus versus chaos",
            "authors": [
                {
                    "first": "M",
                    "middle": [
                        "H"
                    ],
                    "last": "Van Regenmortel",
                    "suffix": ""
                },
                {
                    "first": "M",
                    "middle": [
                        "A"
                    ],
                    "last": "Mayo",
                    "suffix": ""
                },
                {
                    "first": "C",
                    "middle": [
                        "M"
                    ],
                    "last": "Fauquet",
                    "suffix": ""
                },
                {
                    "first": "J",
                    "middle": [],
                    "last": "Maniloff",
                    "suffix": ""
                }
            ],
            "year": 2000,
            "venue": "Archives of Virology",
            "volume": "145",
            "issn": "",
            "pages": "2227--2232",
            "other_ids": {}
        },
        "BIBREF14": {
            "ref_id": "b14",
            "title": "Virus Taxonomy, Eighth report of the International Committee on Taxonomy of Viruses Amsterdam",
            "authors": [
                {
                    "first": "C",
                    "middle": [
                        "M"
                    ],
                    "last": "Fauquet",
                    "suffix": ""
                },
                {
                    "first": "M",
                    "middle": [
                        "A"
                    ],
                    "last": "Mayo",
                    "suffix": ""
                },
                {
                    "first": "J",
                    "middle": [],
                    "last": "Maniloff",
                    "suffix": ""
                },
                {
                    "first": "U",
                    "middle": [],
                    "last": "Desselberger",
                    "suffix": ""
                },
                {
                    "first": "L",
                    "middle": [
                        "A"
                    ],
                    "last": "Ball",
                    "suffix": ""
                }
            ],
            "year": 2005,
            "venue": "",
            "volume": "",
            "issn": "",
            "pages": "",
            "other_ids": {}
        },
        "BIBREF15": {
            "ref_id": "b15",
            "title": "A nomenclature for avian coronavirus isolates and the question of species status",
            "authors": [
                {
                    "first": "D",
                    "middle": [
                        "A"
                    ],
                    "last": "Cavanagh",
                    "suffix": ""
                }
            ],
            "year": 2001,
            "venue": "Avian Pathology",
            "volume": "30",
            "issn": "",
            "pages": "109--115",
            "other_ids": {}
        },
        "BIBREF16": {
            "ref_id": "b16",
            "title": "Transmission Networks and Population Turnover of Echovirus 30",
            "authors": [
                {
                    "first": "E",
                    "middle": [
                        "C"
                    ],
                    "last": "Leitch",
                    "suffix": ""
                },
                {
                    "first": "J",
                    "middle": [],
                    "last": "Bendig",
                    "suffix": ""
                },
                {
                    "first": "M",
                    "middle": [],
                    "last": "Cabrerizo",
                    "suffix": ""
                },
                {
                    "first": "J",
                    "middle": [],
                    "last": "Cardosa",
                    "suffix": ""
                },
                {
                    "first": "T",
                    "middle": [],
                    "last": "Hyypia",
                    "suffix": ""
                },
                {
                    "first": "O",
                    "middle": [
                        "E"
                    ],
                    "last": "Ivanova",
                    "suffix": ""
                },
                {
                    "first": "A",
                    "middle": [],
                    "last": "Kelly",
                    "suffix": ""
                },
                {
                    "first": "A",
                    "middle": [
                        "C"
                    ],
                    "last": "Kroes",
                    "suffix": ""
                },
                {
                    "first": "A",
                    "middle": [],
                    "last": "Lukashev",
                    "suffix": ""
                },
                {
                    "first": "A",
                    "middle": [],
                    "last": "Macadam",
                    "suffix": ""
                }
            ],
            "year": 2009,
            "venue": "J Virol",
            "volume": "83",
            "issn": "",
            "pages": "2109--2118",
            "other_ids": {}
        },
        "BIBREF17": {
            "ref_id": "b17",
            "title": "Taxonomy of the Caliciviruses",
            "authors": [
                {
                    "first": "K",
                    "middle": [
                        "Y"
                    ],
                    "last": "Green",
                    "suffix": ""
                },
                {
                    "first": "T",
                    "middle": [],
                    "last": "Ando",
                    "suffix": ""
                },
                {
                    "first": "M",
                    "middle": [
                        "S"
                    ],
                    "last": "Balayan",
                    "suffix": ""
                },
                {
                    "first": "T",
                    "middle": [],
                    "last": "Berke",
                    "suffix": ""
                },
                {
                    "first": "I",
                    "middle": [
                        "N"
                    ],
                    "last": "Clarke",
                    "suffix": ""
                },
                {
                    "first": "M",
                    "middle": [
                        "K"
                    ],
                    "last": "Estes",
                    "suffix": ""
                },
                {
                    "first": "D",
                    "middle": [
                        "O"
                    ],
                    "last": "Matson",
                    "suffix": ""
                },
                {
                    "first": "S",
                    "middle": [],
                    "last": "Nakata",
                    "suffix": ""
                },
                {
                    "first": "J",
                    "middle": [
                        "D"
                    ],
                    "last": "Neill",
                    "suffix": ""
                },
                {
                    "first": "M",
                    "middle": [
                        "J"
                    ],
                    "last": "Studdert",
                    "suffix": ""
                }
            ],
            "year": 2000,
            "venue": "",
            "volume": "181",
            "issn": "",
            "pages": "322--330",
            "other_ids": {}
        },
        "BIBREF18": {
            "ref_id": "b18",
            "title": "Family Orthomyxoviridae",
            "authors": [
                {
                    "first": "Y",
                    "middle": [],
                    "last": "Kawaoka",
                    "suffix": ""
                },
                {
                    "first": "N",
                    "middle": [
                        "J"
                    ],
                    "last": "Cox",
                    "suffix": ""
                },
                {
                    "first": "O",
                    "middle": [],
                    "last": "Haller",
                    "suffix": ""
                },
                {
                    "first": "O",
                    "middle": [],
                    "last": "Hongo",
                    "suffix": ""
                },
                {
                    "first": "N",
                    "middle": [],
                    "last": "Kaverin",
                    "suffix": ""
                },
                {
                    "first": "H-D",
                    "middle": [],
                    "last": "Klenk",
                    "suffix": ""
                },
                {
                    "first": "A",
                    "middle": [],
                    "last": "Lamb",
                    "suffix": ""
                },
                {
                    "first": "J",
                    "middle": [],
                    "last": "Mccauley",
                    "suffix": ""
                },
                {
                    "first": "P",
                    "middle": [],
                    "last": "Palese",
                    "suffix": ""
                },
                {
                    "first": "E",
                    "middle": [],
                    "last": "Rimstad",
                    "suffix": ""
                }
            ],
            "year": 2005,
            "venue": "Virus Taxonomy, Eighth report of the International Committee on Taxonomy of Viruses Edited by: Fauquet CM",
            "volume": "",
            "issn": "",
            "pages": "681--693",
            "other_ids": {}
        },
        "BIBREF19": {
            "ref_id": "b19",
            "title": "Geminivirus strain demarcation and nomenclature",
            "authors": [
                {
                    "first": "C",
                    "middle": [
                        "M"
                    ],
                    "last": "Fauquet",
                    "suffix": ""
                },
                {
                    "first": "R",
                    "middle": [
                        "W"
                    ],
                    "last": "Briddo",
                    "suffix": ""
                },
                {
                    "first": "J",
                    "middle": [
                        "K"
                    ],
                    "last": "Brown",
                    "suffix": ""
                },
                {
                    "first": "E",
                    "middle": [],
                    "last": "Moriones",
                    "suffix": ""
                },
                {
                    "first": "J",
                    "middle": [],
                    "last": "Stanley",
                    "suffix": ""
                },
                {
                    "first": "M",
                    "middle": [],
                    "last": "Zerbini",
                    "suffix": ""
                },
                {
                    "first": "X",
                    "middle": [],
                    "last": "Zhou",
                    "suffix": ""
                }
            ],
            "year": 2008,
            "venue": "Archives of Virology",
            "volume": "153",
            "issn": "",
            "pages": "783--821",
            "other_ids": {}
        },
        "BIBREF20": {
            "ref_id": "b20",
            "title": "DengueInfo: A web portal to dengue information resources. Infection",
            "authors": [
                {
                    "first": "M",
                    "middle": [
                        "J"
                    ],
                    "last": "Schreiber",
                    "suffix": ""
                },
                {
                    "first": "S",
                    "middle": [
                        "H"
                    ],
                    "last": "Ong",
                    "suffix": ""
                },
                {
                    "first": "Rcg",
                    "middle": [],
                    "last": "Holland",
                    "suffix": ""
                },
                {
                    "first": "M",
                    "middle": [
                        "L"
                    ],
                    "last": "Hibberd",
                    "suffix": ""
                },
                {
                    "first": "S",
                    "middle": [
                        "G"
                    ],
                    "last": "Vasudevan",
                    "suffix": ""
                },
                {
                    "first": "W",
                    "middle": [
                        "P"
                    ],
                    "last": "Mitchell",
                    "suffix": ""
                },
                {
                    "first": "E",
                    "middle": [
                        "C"
                    ],
                    "last": "Holmes",
                    "suffix": ""
                }
            ],
            "year": 2007,
            "venue": "Genetics and Evolution",
            "volume": "7",
            "issn": "",
            "pages": "540--541",
            "other_ids": {}
        },
        "BIBREF21": {
            "ref_id": "b21",
            "title": "Consensus proposals for a unified system of nomenclature of hepatitis C virus genotypes",
            "authors": [
                {
                    "first": "P",
                    "middle": [],
                    "last": "Simmonds",
                    "suffix": ""
                },
                {
                    "first": "J",
                    "middle": [],
                    "last": "Bukh",
                    "suffix": ""
                },
                {
                    "first": "C",
                    "middle": [],
                    "last": "Combet",
                    "suffix": ""
                },
                {
                    "first": "G",
                    "middle": [],
                    "last": "Deleage",
                    "suffix": ""
                },
                {
                    "first": "N",
                    "middle": [],
                    "last": "Enomoto",
                    "suffix": ""
                },
                {
                    "first": "S",
                    "middle": [],
                    "last": "Feinstone",
                    "suffix": ""
                },
                {
                    "first": "P",
                    "middle": [],
                    "last": "Halfon",
                    "suffix": ""
                },
                {
                    "first": "G",
                    "middle": [],
                    "last": "Inchauspe",
                    "suffix": ""
                },
                {
                    "first": "C",
                    "middle": [],
                    "last": "Kuiken",
                    "suffix": ""
                },
                {
                    "first": "G",
                    "middle": [],
                    "last": "Maertens",
                    "suffix": ""
                }
            ],
            "year": 2005,
            "venue": "Hepatology",
            "volume": "42",
            "issn": "",
            "pages": "962--973",
            "other_ids": {}
        },
        "BIBREF22": {
            "ref_id": "b22",
            "title": "Norovirus classification and proposed strain nomenclature",
            "authors": [
                {
                    "first": "D",
                    "middle": [
                        "P"
                    ],
                    "last": "Zheng",
                    "suffix": ""
                },
                {
                    "first": "T",
                    "middle": [],
                    "last": "Ando",
                    "suffix": ""
                },
                {
                    "first": "R",
                    "middle": [
                        "L"
                    ],
                    "last": "Fankhauser",
                    "suffix": ""
                },
                {
                    "first": "R",
                    "middle": [
                        "S"
                    ],
                    "last": "Beard",
                    "suffix": ""
                },
                {
                    "first": "R",
                    "middle": [
                        "I"
                    ],
                    "last": "Glass",
                    "suffix": ""
                },
                {
                    "first": "S",
                    "middle": [
                        "S"
                    ],
                    "last": "Monroe",
                    "suffix": ""
                }
            ],
            "year": 2006,
            "venue": "Virology",
            "volume": "346",
            "issn": "",
            "pages": "312--323",
            "other_ids": {}
        },
        "BIBREF23": {
            "ref_id": "b23",
            "title": "Virus Attenuation by Genome-Scale Changes in Codon Pair Bias",
            "authors": [
                {
                    "first": "J",
                    "middle": [
                        "R"
                    ],
                    "last": "Coleman",
                    "suffix": ""
                },
                {
                    "first": "D",
                    "middle": [],
                    "last": "Papamichail",
                    "suffix": ""
                },
                {
                    "first": "S",
                    "middle": [],
                    "last": "Skiena",
                    "suffix": ""
                },
                {
                    "first": "B",
                    "middle": [],
                    "last": "Futcher",
                    "suffix": ""
                },
                {
                    "first": "E",
                    "middle": [],
                    "last": "Wimmer",
                    "suffix": ""
                },
                {
                    "first": "S",
                    "middle": [],
                    "last": "Mueller",
                    "suffix": ""
                }
            ],
            "year": 2008,
            "venue": "Science",
            "volume": "320",
            "issn": "",
            "pages": "1784--1787",
            "other_ids": {}
        },
        "BIBREF24": {
            "ref_id": "b24",
            "title": "NEXUS: an extensible file format for systematic information",
            "authors": [
                {
                    "first": "D",
                    "middle": [
                        "R"
                    ],
                    "last": "Maddison",
                    "suffix": ""
                },
                {
                    "first": "D",
                    "middle": [
                        "L"
                    ],
                    "last": "Swofford",
                    "suffix": ""
                },
                {
                    "first": "W",
                    "middle": [
                        "P"
                    ],
                    "last": "Maddison",
                    "suffix": ""
                }
            ],
            "year": 1997,
            "venue": "Systematic Biology",
            "volume": "46",
            "issn": "",
            "pages": "590--621",
            "other_ids": {}
        },
        "BIBREF25": {
            "ref_id": "b25",
            "title": "Phyutility: a phyloinformatics tool for trees, alignments and molecular data",
            "authors": [
                {
                    "first": "S",
                    "middle": [
                        "A"
                    ],
                    "last": "Smith",
                    "suffix": ""
                },
                {
                    "first": "C",
                    "middle": [
                        "W"
                    ],
                    "last": "Dunn",
                    "suffix": ""
                }
            ],
            "year": 2008,
            "venue": "Bioinformatics",
            "volume": "24",
            "issn": "",
            "pages": "715--716",
            "other_ids": {}
        },
        "BIBREF26": {
            "ref_id": "b26",
            "title": "The Bioperl Toolkit: Perl Modules for the Life Sciences",
            "authors": [
                {
                    "first": "J",
                    "middle": [
                        "E"
                    ],
                    "last": "Stajich",
                    "suffix": ""
                },
                {
                    "first": "D",
                    "middle": [],
                    "last": "Block",
                    "suffix": ""
                },
                {
                    "first": "K",
                    "middle": [],
                    "last": "Boulez",
                    "suffix": ""
                },
                {
                    "first": "S",
                    "middle": [
                        "E"
                    ],
                    "last": "Brenner",
                    "suffix": ""
                },
                {
                    "first": "S",
                    "middle": [
                        "A"
                    ],
                    "last": "Chervitz",
                    "suffix": ""
                },
                {
                    "first": "C",
                    "middle": [],
                    "last": "Dagdigian",
                    "suffix": ""
                },
                {
                    "first": "G",
                    "middle": [],
                    "last": "Fuellen",
                    "suffix": ""
                },
                {
                    "first": "Jgr",
                    "middle": [],
                    "last": "Gilbert",
                    "suffix": ""
                },
                {
                    "first": "I",
                    "middle": [],
                    "last": "Korf",
                    "suffix": ""
                },
                {
                    "first": "H",
                    "middle": [],
                    "last": "Lapp",
                    "suffix": ""
                }
            ],
            "year": 2002,
            "venue": "",
            "volume": "12",
            "issn": "",
            "pages": "1611--1618",
            "other_ids": {}
        },
        "BIBREF27": {
            "ref_id": "b27",
            "title": "The Gene Ontology Annotation (GOA) Project-Application of GO in SWISS-PROT",
            "authors": [
                {
                    "first": "E",
                    "middle": [],
                    "last": "Camon",
                    "suffix": ""
                },
                {
                    "first": "D",
                    "middle": [],
                    "last": "Barrel",
                    "suffix": ""
                },
                {
                    "first": "C",
                    "middle": [],
                    "last": "Brooksbank",
                    "suffix": ""
                },
                {
                    "first": "M",
                    "middle": [],
                    "last": "Magrane",
                    "suffix": ""
                },
                {
                    "first": "R",
                    "middle": [],
                    "last": "Apweiler",
                    "suffix": ""
                }
            ],
            "year": 2003,
            "venue": "TrEMBL and InterPro. Comarative and Functional Genomics",
            "volume": "4",
            "issn": "",
            "pages": "71--74",
            "other_ids": {}
        },
        "BIBREF28": {
            "ref_id": "b28",
            "title": "The EMBL Nucleotide Sequence Database: major new developments",
            "authors": [
                {
                    "first": "G",
                    "middle": [],
                    "last": "Stoesser",
                    "suffix": ""
                },
                {
                    "first": "W",
                    "middle": [],
                    "last": "Baker",
                    "suffix": ""
                },
                {
                    "first": "",
                    "middle": [],
                    "last": "Broek A Van Den",
                    "suffix": ""
                },
                {
                    "first": "M",
                    "middle": [],
                    "last": "Garcia-Pastor",
                    "suffix": ""
                },
                {
                    "first": "C",
                    "middle": [],
                    "last": "Kanz",
                    "suffix": ""
                },
                {
                    "first": "T",
                    "middle": [],
                    "last": "Kulikova",
                    "suffix": ""
                },
                {
                    "first": "R",
                    "middle": [],
                    "last": "Leinonen",
                    "suffix": ""
                },
                {
                    "first": "Q",
                    "middle": [],
                    "last": "Lin",
                    "suffix": ""
                },
                {
                    "first": "V",
                    "middle": [],
                    "last": "Lombard",
                    "suffix": ""
                },
                {
                    "first": "R",
                    "middle": [],
                    "last": "Lopez",
                    "suffix": ""
                }
            ],
            "year": 2003,
            "venue": "Nucl Acids Res",
            "volume": "31",
            "issn": "",
            "pages": "17--22",
            "other_ids": {}
        },
        "BIBREF29": {
            "ref_id": "b29",
            "title": "SeqHound: biological sequence and structure database as a platform for bioinformatics research",
            "authors": [
                {
                    "first": "K",
                    "middle": [],
                    "last": "Michalikova",
                    "suffix": ""
                },
                {
                    "first": "G",
                    "middle": [
                        "D"
                    ],
                    "last": "Bader",
                    "suffix": ""
                },
                {
                    "first": "M",
                    "middle": [],
                    "last": "Dumontier",
                    "suffix": ""
                },
                {
                    "first": "H",
                    "middle": [],
                    "last": "Lieu",
                    "suffix": ""
                },
                {
                    "first": "D",
                    "middle": [],
                    "last": "Betel",
                    "suffix": ""
                },
                {
                    "first": "R",
                    "middle": [],
                    "last": "Isserlin",
                    "suffix": ""
                },
                {
                    "first": "Cwv",
                    "middle": [],
                    "last": "Hogue",
                    "suffix": ""
                }
            ],
            "year": 2002,
            "venue": "BMC Bioinformatics",
            "volume": "3",
            "issn": "",
            "pages": "",
            "other_ids": {}
        }
    },
    "ref_entries": {
        "FIGREF0": {
            "text": "different name arrangements that could facilitate the development of conventions for naming different viruses by the virology community.",
            "latex": null,
            "type": "figure"
        },
        "TABREF0": {
            "text": "Unique and non-unique identifiers in databases used by SNAD Gene and Transcript part of EnsEMBL, http://www.ensembl.org/index.html 9) Some replaced or removed records in GenBank have no accession number but they can be retrieved from GenBank with the primary ID.",
            "latex": null,
            "type": "table"
        },
        "TABREF1": {
            "text": "",
            "latex": null,
            "type": "table"
        },
        "TABREF3": {
            "text": "Cross-database recognition of UIDs in databases by SNAD*Source DBTarget DB GenBank UniProt EMBL SeqHound EnsEMBL With the use of standard BioPerl drivers for GenBank, UniProt, EMBL and SeqHound http://search.cpan.org/~cjfields/BioPerl-1.6.0 and API drivers from EnsEMBL web site http://www.ensembl.org/info/ data/api.html, UIDs from source DB can be used for searching in target DB. In some target DBs they are recognized as UID, in others as non-unique IDs (NUID) or not recognized as identifiers (NR). Although same five DBs make the source and target DB lists, the table is not symmetrical. **, only gi's from GenBank are recognized as UID in SeqHound.",
            "latex": null,
            "type": "table"
        }
    },
    "back_matter": [
        {
            "text": "We thank Chris Lauber, Michael Rozanov, Johan Faase and Kalina Zlateva (Leiden University Medical Center, Leiden, Netherlands) for discussion and useful suggestions. This work was partially supported by the Collaborative Agreement in Bioinformatics between LUMC and MSU (CRDF GAP1473), and EU FP6 IP Vizier LSHG-CT-2004-511960.",
            "cite_spans": [],
            "ref_spans": [],
            "section": "Acknowledgements"
        },
        {
            "text": "AEG conceived SNAD; IAS, DAR, and AEG developed SNAD design and performed testing; DAR and IAS carried out programming; IAS and AEG wrote the manuscript. All authors read and approved the final version of the manuscript.",
            "cite_spans": [],
            "ref_spans": [],
            "section": "Authors' contributions"
        }
    ]
}