{"cord_uid": "442gq3k5", "sourcedb": "PMC", "sourceid": "PMC3050921", "div_id": 26, "text": "We observed that the mean age of S. suis meningitis patients was significantly higher than the age of patients with bacterial meningitis caused by other bacteria, and that high age was associated with increased risk of infection with S. suis. In contrast, pediatric infections with S. suis are extremely rare, presumably related to a lack of exposure associated with increased risk of S. suis infection, in children.", "denotations": []}