{"cord_uid": "442gq3k5", "sourcedb": "PMC", "sourceid": "PMC3050921", "div_id": 13, "text": "We used an internally controlled real-time PCR for detection of S. pneumoniae, H. influenzae type b, N. meningitidis and S. suis serotype 2 in CSF samples [4, 8, 9, 10] . The real-time PCR for detection of S. suis serotype 2 was also used on swab cultures. Previous validation of this PCR demonstrated a detection limit of 1-5 colony forming units per reaction [10] .", "denotations": [{"id": "Symptom_COVID-19", "span": {"begin": 67, "end": 76}, "obj": "Symptom_COVID-19"}]}