{"cord_uid": "442gq3k5", "sourcedb": "PMC", "sourceid": "PMC3050921", "div_id": 29, "text": "We were unable to demonstrate S. suis serotype 2 carriage in 1522 healthy persons or patients without S. suis infection, including those with pig exposures. In contrast, 6/101 (6%) of patients had PCR positive swab samples, a rate similar to what was found in slaughterhouse workers in Germany [16] . Eating pig intestines in the few days prior to admission was reported in 3/6 of the patients with a PCR positive throat or rectal swab, two of which were also culture positive. Taken together, rather than indicating human carriage of S. suis serotype 2, our results strengthen the hypothesis that the gastrointestinal tract may be a route of entry for at least a proportion of patients.", "denotations": []}