{"cord_uid": "442gq3k5", "sourcedb": "PMC", "sourceid": "PMC3050921", "div_id": 7, "text": "This study was designed as a case-control study, including patients with invasive S. suis infection, an unmatched hospital control group and a community control group matched by residency and age, at a ratio of 1:3. The study was conducted at the Hospital for Tropical Diseases (HTD), a tertiary referral hospital of infectious diseases in the south of Viet Nam, between May 2006 and June 2009. The recruitment of cases and hospital control groups took place at the dedicated Central Nervous System (CNS) infectious disease ward at HTD. Community controls were recruited according to the residency of the cases in the south of Viet Nam, mainly in Ho Chi Minh City and the provinces of the Mekong River Delta.", "denotations": []}