{"cord_uid": "6i7b1i5x", "sourcedb": "PMC", "sourceid": "PMC6514959", "div_id": 14, "text": "Although, total numbers of cells do not show consistent results, clonal expansion within the B cell compartment can be studied. A specific immune response to an agent typically has an initial inherent immune component that leads to antigen presentation to effector cells. Receptors on the effector cell surface (T-cell receptors in T cells and Immunoglobulin (IG), or antibody, in B cells) bind specific targeted areas of the agent, termed epitopes. Specific recognition by T and B lymphocytes leads to stimulation, lymphocyte replication and clonal expansion; what is termed an oligoclonal response. Oligoclonal expansion is shown in peripheral IgM+ B cells in KD [5] . Detailed pathological studies have revealed what are termed oligoclonal plasma cell infiltrates in KD arterial specimens [101] , leading to the cloning of antibody J and association with the presence of the spheroid ICIs as previously discussed [102, 103] .", "denotations": []}