{"cord_uid": "7gkdday2", "sourcedb": "PMC", "sourceid": "PMC5367831", "div_id": 10, "text": "Prior to enrollment, all the children were examined for clinical signs and symptoms by attending physicians to suspect ARIs. The suspected patients were then subjected to chest X-ray. 62% (n = 124) of hospitalized symptomatic children were male, while the rest 38% were female. The mean age of the symptomatic children was 9.6 months and 47% (n = 94) of children were under six months of age and 78.5% (n = 157) were less than one year old. On the other hand, the mean age of the asymptomatic children was 12.62 months. All the children including their parents/guardians were residents of Dhaka city.", "denotations": []}