{"cord_uid": "7gkdday2", "sourcedb": "PMC", "sourceid": "PMC5367831", "div_id": 30, "text": "Recent studies of asymptomatic ARI cases reported the frequent presence of respiratory pathogens like HRV, adenovirus, S. pneumoniae etc. In this study, we collected 30 asymptomatic specimens. 43% (n = 13) of those asymptomatic children were positive for pathogen(s). However, the detection rate of pathogens in symptomatic specimens (82.5%) was significantly higher than that of in asymptomatic specimens (P< 0.0001) ( Table 5) .", "denotations": [{"id": "Symptom_COVID-19", "span": {"begin": 122, "end": 131}, "obj": "Symptom_COVID-19"}]}