{"cord_uid": "7gkdday2", "sourcedb": "PMC", "sourceid": "PMC5367831", "div_id": 38, "text": "Although the viruses are the most common etiological agents of ARIs, a wide variety of bacterial pathogens are also associated with ARIs either as single or mixed agents with viruses. The bacterial etiology is not investigated in most of the ARI-associated studies. Even in countries like the USA where pneumonia surveillance is routinely conducted, the bacterial etiology is not recorded in 65-85% of hospitalized pneumonia cases [23, 24] . It cannot be rule out that the presence of bacteria as coinfection partners with viruses may complicate the clinical symptoms of ARI illness leading to fatal outcomes. As such, the study was designed to focus not only on bacterial detection but also on antibiotic sensitivity/resistance patterns of the isolated bacterial strains.", "denotations": [{"id": "Symptom_COVID-19", "span": {"begin": 303, "end": 312}, "obj": "Symptom_COVID-19"}, {"id": "Symptom_COVID-19", "span": {"begin": 415, "end": 424}, "obj": "Symptom_COVID-19"}]}