{"cord_uid": "7gkdday2", "sourcedb": "PMC", "sourceid": "PMC5367831", "div_id": 37, "text": "Irrespective of single or coinfections, our experimental approach could successfully identify viral and/or bacterial pathogens in 165 (82.5%) symptomatic cases of participants, whereas 35 cases remained undetected of any pathogens. A community-based study conducted in Bangladesh could identify respiratory viral pathogens in only 66% of ARI cases and the detection rate was lower than the detection rate calculated for this study [10] . However, the study did not consider bacterial pathogens. On the other hand, the studies of respiratory infections among children of Zambia and Madagascar reported the detection rates of respiratory pathogens in 76.8% and 74.6% specimens, respectively, and these studies focused on the detection of both viral and atypical bacterial pathogens [20, 21] . A similar study conducted in China demonstrated 67.5% overall pathogen detection rate [22] . These all suggest that our findings in terms of pathogen detection are consistent with the reported data of similar studies.", "denotations": []}