{"cord_uid": "7gkdday2", "sourcedb": "PMC", "sourceid": "PMC5367831", "div_id": 35, "text": "The study demonstrates for the first time the simultaneous detection of viral and bacterial etiologies of acute respiratory infections (ARIs) in under-5 children in hospital-care settings in Dhaka, Bangladesh. Major focal points of the study included (a) determination of seasonal variation in terms of ARI specimen collection rates as well as seasonality of isolated ARI pathogens, (b) in vitro antibiotic resistance/sensitivity assay for bacterial pathogens, (c) coinfection patterns, (d) age-dependent distribution patterns of pathogens, and (e) a comparison of the detection rates of respiratory pathogens between symptomatic and asymptomatic cases. Knowing the seasonal variability of pathogens would help the parents or guardians of the children as well as physicians to adopt some preventive measures. Antibiogram study was designed to know the condition of antibiotic resistance/sensitivity patterns of major ARI bacterial pathogens to avoid unnecessary use of antibiotics to treat ARI patients, which also might help control of the rapid emergence of antibiotic resistant strains. Analysis of coinfection status was performed to identify major coinfection partners in terms of virus-bacteria, virusvirus, bacteria-bacteria, virus-bacteria-bacteria, and virus-virus-bacteria. Especially specific identification of bacteria in a coinfection case may help the physicians to choose appropriate antibiotics and additional medications because bacterial coinfection, especially superinfection has been reported to associate with huge fatal outcomes and deaths of under-five ARI patients. On the other hand, age-dependent distribution patterns of pathogens are useful to identify vulnerable age groups.", "denotations": []}