{"cord_uid": "8gbktpt3", "sourcedb": "PMC", "sourceid": "10.3390/v11121155", "div_id": 2, "text": "Feline panleukopenia (FPL) is a highly contagious and often fatal disease characterised by acute severe enteritis, severe dehydration and sepsis due to lymphoid depletion and pancytopenia [1] . FPL is usually associated with infection by feline parvovirus (FPV), a member of the genus Protoparvovirus (formerly Feline panleukopenia virus). Protoparovirus is one of eight genera of vertebrate viruses within the subfamily Parvovirinae of the family Parvoviridae. Collectively, FPV and canine parvovirus (CPV), along with associated variants found in various carnivore species such as mink and raccoons, constitute the species Carnivore protoparvovirus 1 [2] .", "denotations": []}