{"cord_uid": "8gbktpt3", "sourcedb": "PMC", "sourceid": "10.3390/v11121155", "div_id": 27, "text": "Histopathology was also performed on intestine and mesenteric lymph nodes from one unvaccinated cat with clinical signs of FPL, but for which samples were not collected for PCR and sequencing. Changes in the duodenum were similar to but more severe than those described above in case 221, including crypt necrosis and abscessation, neutrophilic infiltration of the lamina propria and the presence within epithelial cells of intranuclear inclusion bodies which variably marginated the chromatin. There was moderate lymphoid depletion in mesenteric lymph node tissue. These findings were also consistent with FPV/CPV infection. ", "denotations": []}