{"cord_uid": "987w6ypg", "sourcedb": "PMC", "sourceid": "PMC4251951", "div_id": 30, "text": "At present, although our preferred hypothesis is that the physical presence of IFITMs is required to lower the infectivity of viral particles, we cannot exclude the possibility that IFITMs act on producing cells and that this action in turn leads to the production of viral particles of decreased infectivity. Despite the fact that the overall restrictive phenotype would nonetheless remain, the underlaying mechanism would be profoundly different, as in this case the incorporation of IFITMs would be probably a mark, but not a cause of the infectivity defect described here. We believe the future identification of IFITM mutants that have lost the ability to be incorporated into viral particles may help us distinguish between these possibilities and efforts toward this goal are ongoing.", "denotations": []}