{"cord_uid": "987w6ypg", "sourcedb": "PMC", "sourceid": "PMC4251951", "div_id": 19, "text": "To determine whether endogenous IFITMs could be incorporated into HIV-1 particles, we first compared virions issued from HEK293T versus HeLa cells treated or not with IFN\u03b1 ( Figure 4B ). Twenty-four hours after transfection with HIV-1 coding DNAs, cells were washed and then treated with 1000U/mL of IFN\u03b1 for further 48 hours, prior to virion particle purification. Virion particles were then either analyzed by WB or used to challenge HeLaP4 cells upon exo-RT purification to determine their infectivity by flow cytometry analysis 3 days afterwards. When HIV-1 virions were produced in HEK293T cells, no detectable amounts of IFITMs were found, irrespectively of IFN stimulation suggesting that IFITMs may have to reach a certain amount to be promptly incorporated into virions. In contrast, virion produced in HeLa cells incorporated readily detectable levels of IFITMs and this incorporation was increased upon IFN stimulation. When virion particles produced in these conditions were normalized and used to challenge HeLaP4 cells, a drastic decrease in infectivity was observed in virions produced in HeLa cells versus viruses produced in HEK293T cells and IFN stimulation did not grossly modify these differences.", "denotations": []}