{"cord_uid": "987w6ypg", "sourcedb": "PMC", "sourceid": "PMC4251951", "div_id": 5, "text": "At present, IFITMs have been described to welcome incoming viral particles and retain them into endosomal vesicles, where they are subsequently degraded [7, [9] [10] [11] [15] [16] [17] [18] [19] [20] [21] . Interestingly, this mechanism of inhibition seems to be active against both pH-dependent and -independent viruses that require or not the low pH of endosomes to trigger viral-to-cell membrane fusion [22, 23] . The finding that pH-independent viruses can also functionally access the cytosol from endosomal vesicles likely explains the broad antiviral effects of IFITMs against these diverse classes of virus [24] .", "denotations": []}