{"cord_uid": "987w6ypg", "sourcedb": "PMC", "sourceid": "PMC4251951", "div_id": 14, "text": "Given that a recent report suggested that IFITM3 could be associated to exosomes upon overexpression in HEK293T cells [30] and given that exosomes share numerous characteristics with retroviral particles, we carried out CD45-depletion assays to determine whether IFITMs were associated to HIV-1 virion particles or to co-purifying exosomes. This assay takes advantage of a technique developed by the Ott lab that is based on the fact that CD45 is incorporated in exosomes, but is excluded from retroviral particles [31] . Given that CD45 is a T cell marker, we first obtained stable cell lines expressing each IFITM in SupT1 cells and then infected these cells with high MOIs of HIV-1 to obtain a large number of virion producing cells. Virion particles were then retrieved 6 days after and were then treated with CD45magnetic beads or not prior to WB analysis ( Figure 2E ). Under these conditions, CD45 was efficiently removed Figure 2 IFITMs are HIV-1 virion associated proteins. A) HEK293T cells were transfected with DNAs coding IFITMs and HIV-1 and two days after, both cell lysates and supernatant purified by ultracentrifugation through a 25% sucrose cushion were harvested and analyzed by WB. The panels present typical results obtained out of 10 independent experiments. B and C) HEK293T cells were transfected as above by maintaining a fixed amount of Gag-Pol/Env and by varying the amount of DNAs coding the different IFITMs. Virion particles were purified by ultracentrifugation, normalized by exo-RT and either analyzed by WB to determine the amount of IFITMs incorporated onto the virion particles (B), or used to challenge HEK293T cells to determine their infectivity (C). D) Virions produced in the presence of IFITMs were first concentrated and purified through sucrose as described above then layered onto a linear OptiprepTM velocity gradient (5 to 20% w/v) for an ultracentrifugation step of 45 minutes at 28,000 rpm. Aliquots were harvested from the top of the gradient, precipitated with TCA and analyzed by WB. The proportion of CA and IFITMs present in each fraction with respect to the total CA and IFITMs in all fractions was determined by densitometry and is presented here solely for IFITM3 due to space constraints. The density of each fraction was determined prior to TCA precipitation with a bench densitometer and is presented here as a dotted grey line (g/mL). The graph and associated WB panels are representative of 3 independent experiments. E) Virion particles produced from SupT1 cells stably expressing Flag-IFITMs were subjected or not to CD45 depletion, prior to WB analysis. The Western blot panels are representative of 3 independent experiments. by viral preparations. However, the amount of IFITMs present in HIV-1 viral preparations was unaffected by the treatment, except for a small decrease observed in the case of IFITM1. Overall, these results indicate that IFITMs are bona fide virion-associated proteins.", "denotations": []}