{"cord_uid": "987w6ypg", "sourcedb": "PMC", "sourceid": "PMC4251951", "div_id": 11, "text": "To determine whether the infectivity defect of HIV-1 viral particles produced in the presence of IFITMs was target cell type specific, virions produced as described above were used to challenge primary monocyte-derived dendritic cells (DCs), MDMs or activated PBLs using appropriate Env pseudotypes ( Figure 1F ). The infectivity of viral particles was then assessed by measuring the amount of GFP-positive cells 3 days afterwards. Even using different target cells, viruses produced in the presence of IFITMs displayed a characteristic decrease in infectivity, indicating that this phenomenon is independent from the target cells.", "denotations": []}