{"cord_uid": "98ljj0cy", "sourcedb": "PMC", "sourceid": "PMC4353318", "div_id": 2, "text": "This study was approved by two institutional review boards (KSA Ministry of Health and Western IRB). Banked serum samples were collected using convenience sampling in July 2012 from 300 animal-exposed and 50 non-matched human controls residing in Jazan region, KSA, as part of a study investigating human Rift Valley fever exposure. The crosssectional, convenience sample of human sera was chosen for its self-reported exposure to domestic animals, such as camels, as studies have documented increasing evidence that camels are a reservoir for MERS-CoV 5,6 and human MERS-CoV infections were later reported in the area.", "denotations": [{"id": "Symptom_COVID-19", "span": {"begin": 317, "end": 322}, "obj": "Symptom_COVID-19"}]}