{"cord_uid": "9xelf8oh", "sourcedb": "PMC", "sourceid": "PMC7088385", "div_id": 3, "text": "Contemporary diagnostic tests for many pathogens rely on polymerase chain reaction (PCR) as assays often yield excellent sensitivity and specificity (for both fresh and archived samples) and in less time than many traditional assays (Cai Electronic supplementary material The online version of this article (doi:10.1007/s10344-016-1031-z) contains supplementary material, which is available to authorized users. et al. 2014) . In particular, quantitative PCR (qPCR) combines high-throughput sample processing with increased sensitivity and reduced potential for contamination (Klein 2002) . However, PCR can be prone to inhibition in all formats (Brankatschk et al. 2012; Schrader et al. 2012 ) and quality control is therefore vital during assay development and processing (Borst et al. 2004; Burkardt 2000; Lo and Chan 2006) . One key quality control measure is to include an internal control (IC) to minimise occurrence of false-negative results. ICs that consist of a known DNA sequence, added to the sample prior to or post-DNA purification (exogenous IC), are often convenient (e.g. in commercial kits) but may impair assay sensitivity (Cai et al. 2014 ). Alternatively, a region of the host's genomic DNA (reference gene) can be used as an IC (endogenous IC) to verify the absence of PCR inhibitors during sample processing; using an endogenous control prevents the need to add foreign DNA to the qPCR and allows calculation of relative quantity of target DNA. Internal endogenous controls are frequently used in gene expression studies but rarely used in pathogen detection assays. Multiplex PCRs can be used to detect simultaneously the target and endogenous IC sequences and thus save time and costs (Cai et al. 2014; Elnifro et al. 2000) .", "denotations": []}