{"cord_uid": "bvnqn8pn", "sourcedb": "PMC", "sourceid": "PMC5660758", "div_id": 11, "text": "The following data were considered for the study: age and sex of the patient, month of the visit, triage colour tag, acute asthma severity (see Table 1 ) [8] , etiology of the exacerbation, previous history of asthma or other chronic conditions (if reported), use of long-term control therapy for asthma, vital signs, presence and severity of dyspnea, severity of the exacerbation, administered therapy, and discharge modality (home, short-stay observation in the ED, and admission to the Pediatric Unit Ward or to the Pediatric Intensive Care Unit).", "denotations": []}