{"cord_uid": "c0w9bw5u", "sourcedb": "PMC", "sourceid": "PMC4855074", "div_id": 7, "text": "Cell culture and Sendai virus HEK-293 human embryonic kidney cells were maintained in Dulbecco's modified Eagle's medium with 10% fetal bovine serum (Life Technologies) at 37\u00b0C in a humidified chamber supplemented with 5% carbon dioxide. Plasmid transfection was performed with GeneJuice (Merck Millipore; Billerica, MA, USA). poly(I:C) was purchased from Sigma-Aldrich and was transfected with Lipofectamine 2000 (Life Technologies). Sendai virus (Cantell strain) was purchased from American Type Culture Collection (Manassas, VA, USA).", "denotations": []}