{"cord_uid": "fl6wlhjs", "sourcedb": "PMC", "sourceid": "PMC2203979", "div_id": 4, "text": "We demonstrate the importance of using seasonal autoregressive integrated average time series models (SARIMA) with covariates in the modeling of respiratory-related time series data. We find some homogeneity in the time series models for the respiratory-complaint backgrounds across the Midwest emergency departments studied. Our simulations show that the balance between specificity, sensitivity, and timeliness to detect an outbreak signature differs by the emergency department and the choice of filter. The linear and exponential filters provide a good balance.", "denotations": []}