{"cord_uid": "h145cxlp", "sourcedb": "PMC", "sourceid": "10.1186/s12879-015-1293-1", "div_id": 5, "text": "In the study presented here, we used active screening to estimate the incidence of laboratory-confirmed influenzaassociated PICU admissions in one of Germany's largest federal states during the first three post-pandemic seasons. Furthermore, we described the clinical characteristics of influenza PICU patients and compared patients with severe A(H1N1)pdm09 disease between the post-pandemic seasons.", "denotations": []}