{"cord_uid": "h145cxlp", "sourcedb": "PMC", "sourceid": "10.1186/s12879-015-1293-1", "div_id": 17, "text": "Of 36 influenza PICU patients with underlying chronic conditions, four (11.1 %) were too young (<6 months of age) to have been immunized against influenza, and for two patients (5.6 %), data on their influenza vaccination status was unavailable. Twenty-nine (80.6 %) patients from this risk group had not been vaccinated against influenza although they would have been eligible. One immunocompromised child (2.8 %) had been vaccinated in October 2012, but was diagnosed with A(H3N2) in January 2013.", "denotations": []}