{"cord_uid": "krh63hqp", "sourcedb": "PMC", "sourceid": "PMC3507676", "div_id": 31, "text": "In this paper, we examine an alternative point of view regarding mutation accumulation within H1N1. We suggest that, while specific adaptive mutations commonly occur within the H1N1 virus, many more deleterious mutations are accumulating than beneficial mutations, even when there is strong selection. Consequently, H1N1 appears to have been in very gradual error catastrophe throughout its history.", "denotations": []}