{"cord_uid": "m6abyuvx", "sourcedb": "PMC", "sourceid": "PMC3524174", "div_id": 37, "text": "Data are shown as mean 6 SD. Data were analyzed using the nonparametric Mann-Whitney or Kruskal-Wallis tests or AN-OVA as appropriate; GraphPad Prism 5 for Macintosh (Graph-Pad) was used for all analyses. P values ,0.05 were considered statistically significant. Table S1 Incidence of hepatocellular carcinoma in male and female transgenic mice at 360, 480, and 600 days after poly(I:C) injection.", "denotations": []}