{"cord_uid": "m6abyuvx", "sourcedb": "PMC", "sourceid": "PMC3524174", "div_id": 20, "text": "Next, to determine which cell population(s) produced TNF-a, IL-6, or both during continuous HCV expression in CN2-29 (+/2) / MxCre (+/2) mice, we isolated intrahepatic lymphocytes (IHLs) and labeled the macrophages (the F4/80 + cells) with anti-TNF-a and anti-IL-6 antibodies using an intracellular cytokine detection method. Macrophages in CN2-29 (+/2) /MxCre (2/2) mice produced small amounts of TNF-a and IL-6, while those in CN2-29 (+/2) /MxCre (+/2) mice produced much larger amounts of these cytokines ( Figure 6F ).", "denotations": []}