{"cord_uid": "nfz8w8na", "sourcedb": "CZI", "sourceid": " and Ebola Outbreaks\"", "div_id": 52, "text": "When responsibility for the origin of the epidemic is reduced to cultural and ethnic minority groups, for example, the Asian community during the SARS epidemic, South American women living in poverty during the Zika epidemic, and communities engaging in traditional Liberian cultural practices during the Ebola epidemic, this further marginalizes the already vulnerable populations. It is important that emphasis is placed on the extreme vulnerability of these groups to an infectious disease outbreak, rather than placing blame and ultimately exacerbating experiences of oppression.", "denotations": []}