{"cord_uid": "nfz8w8na", "sourcedb": "CZI", "sourceid": " and Ebola Outbreaks\"", "div_id": 40, "text": "The legitimacy and authority of the producer of evidence determines its credibility. Theoretically, the evidence used to guide response pathways during an epidemic should be credible by these measures. Most of the literature reviewed alluded to the fact that the evidence used to inform the responses during the Ebola epidemic in Liberia was inadequate, leading to a critique of global organizations' responses. For example, some analysts argued that the epidemiological studies necessary to identify the source of Ebola virus were insufficient, leading to the ongoing emergence of the epidemic (Davies and Rushton 2016) . Furthermore, the United Nation's Security Council was criticized for not using the United Nations Mission in Liberia (UNMIL) to its full capacity in responding to the Ebola epidemic in addition to accusations of an overdue response (Roemer-Mahler and Rushton 2016).", "denotations": []}