{"cord_uid": "nfz8w8na", "sourcedb": "CZI", "sourceid": " and Ebola Outbreaks\"", "div_id": 49, "text": "Given that resources available for public health spending tend to be scarce, it is important that the risk of an epidemic is not distorted and that credible evidence on the effectiveness of the interventions is used to inform responses and justify spending. During the SARS outbreak, some of the published literature questioned the evidence on the efficacy of the proposed interventions, quarantine (Jacobs 2007) and travel advisories (Paquin 2007) . In Brazil, some evidence suggests that the spike in microcephaly cases is not a consequence of the Zika virus, but rather, the result of conditions of poverty, including poor sanitation and exposure to larvicides and insecticides (Diniz 2016) . This calls into question recommendations to delay pregnancy due to the Zika virus. As discussed above, the quality of response from global health organizations to the Ebola outbreak in Liberia remains debatable and questions the evidence used to inform and justify these responses.", "denotations": []}