{"cord_uid": "nfz8w8na", "sourcedb": "CZI", "sourceid": " and Ebola Outbreaks\"", "div_id": 42, "text": "The Liberian culture was blamed not only for causing the epidemic but for interfering with control measures. Jones (2014) criticizes this Bculturalist epidemiology^(pg. 1) that overlooks the wider global forces that promote the spread of Ebola, instead exoticizing Liberian culture to attribute responsibility (Blair et al. 2017) . For example, traditional burial practices and the consumption of bush meat were identified as key etiological factors to the Ebola epidemic . Some analysts even suggest that these cultural practices, in addition to local distrust of authorities may have obstructed interventions (Phua 2015; World Health Organization 2017c; Cordner et al. 2017) . Therefore, population behaviors, such as education and safe burials and cremations, were proposed as targets for intervention (Hagan et al. 2015; Alexander et al. 2015) .", "denotations": []}