{"cord_uid": "nfz8w8na", "sourcedb": "CZI", "sourceid": " and Ebola Outbreaks\"", "div_id": 8, "text": "Given these sociopolitical issues that characterize epidemics, a comparative analysis of the narratives on the politics of epidemics is relevant. To date, most of the narratives in the scholarly literature on the politics of epidemics have considered one epidemic in one context (Dong 2008; Morinet et al. 2016; Nyenswah et al. 2014) . We hypothesize that the narratives may vary depending on the kind and context of the epidemic.", "denotations": []}