{"cord_uid": "nfz8w8na", "sourcedb": "CZI", "sourceid": " and Ebola Outbreaks\"", "div_id": 26, "text": "The relationship between the Zika virus and pregnancy is further implicated by social inequalities in the context of reproductive rights and freedoms. Access to reproductive health services, such as contraception and abortion are discouraged or illegal in many epidemic countries (Plourde and Bloch 2016) . Tavares & Foster (2016) suggest that Bthis public health emergency offers a window of opportunity to advance national policies and practices to ensure that Brazilian women have access to a full range of reproductive health services^(p. 109) (Tavares and Foster 2016) . This speaks to the inherent politicization of the Zika epidemic.", "denotations": []}