{"cord_uid": "nfz8w8na", "sourcedb": "CZI", "sourceid": " and Ebola Outbreaks\"", "div_id": 55, "text": "It is also important to note that research and research publications sometimes tends to be biased and may marginalize the narratives by or representing the most vulnerable poor populations and political topics. Furthermore, social science literature that did not fit the definition of politics as articulated for the purposes of this review was excluded. A future review might seek to unpack the themes that emerge from this additional literature.", "denotations": []}