{"cord_uid": "nfz8w8na", "sourcedb": "CZI", "sourceid": " and Ebola Outbreaks\"", "div_id": 43, "text": "However, other proposed causes of the Ebola epidemic included seasonal triggers, infection of nonhuman primates, landscape modification by humans, poverty, inadequate public health infrastructure, conflict, and population growth (Farmer 1996) . Failure to focus on these and narrowly focusing on cultural practices politicizes the Ebola epidemic; yet, public health authorities, governments, and academics have largely attributed disease responsibility to local culture.", "denotations": []}