{"cord_uid": "nomco7bv", "sourcedb": "PMC", "sourceid": "PMC5819164", "div_id": 18, "text": "A similar surprising result was found when studying the effect modification by dietary patterns. Here we queried the participants' dietary habits and classified them as adhering to a more favourable or more unfavourable dietary pattern according to Winkler et al. [38] . Aware of the limitations of a one-time assessment of a habitual diet, we found a more pronounced relationship between obesity and infections among obese people who reported an apparent healthier diet. Thus, again only the group of obese individuals who presumably eat a healthier diet showed an increased risk of RTIs. The question arises as to whether misreporting of dietary habits among these individuals with and without RTIs may explain the puzzle. One can imagine that obese individuals may have an increased perception of RTI related symptoms experiencing the contradiction between living a healthy lifestyle and being affected by excess weight and frequent infections. On the other hand the inconspicuous results from the non-obese population with respect to favourable and unfavourable diet pattern would somewhat argue against this explanation. Alternatively, among the group of people with obesity a genetically defined subgroup may exist predisposing to both, excess body weight and proneness to infections.", "denotations": []}