{"cord_uid": "nomco7bv", "sourcedb": "PMC", "sourceid": "PMC5819164", "div_id": 10, "text": "At the monthly level ORs were computed using a logistic regression model with a random intercept applied to the individual data for each month taking the 18 months as a categorical covariate into account in addition to the obesity status indicator. Due to its small prevalence, pleurisy was not considered as single outcome in these analyses. Outcomes at the seasonal level were analysed accordingly with the individual data for each winter season and taking into account the three seasons as a categorical covariate. Outcomes at the individual level were analysed using a logistic regression model. Results are ORs and 95% CIs. Adjusted ORs are based on including age groups and education as simultaneous categorical covariates. Furthermore, in order to study the stability of the obesity-RTI association with respect to potential confounders, ORs were adjusted by respective variables. Subjects with incomplete covariate data were excluded from multivariate analyses.", "denotations": []}