{"cord_uid": "nomfciyu", "sourcedb": "PMC", "sourceid": "PMC7080179", "div_id": 4, "text": "Before the discovery of MERS-CoV, SARS-CoV was considered the most pathogenic coronavirus. However, the higher pathogenicity of MERS-CoV was apparent by the higher number of deaths caused by this virus. Similar to the virus of SARS, MERS-CoV infects and replicates in the human airway epithelial cells and suppresses the production of interferons [31, 32] . However, unlike SARS-CoV, the MERS virus exhibits wider tissue tropism [33, 34] . MERS-CoV can also induce pro-inflammatory cytokines but lacks in production of innate antiviral cytokines compared with SARS-CoV. Suggesting MERS-CoV induces delayed pro-inflammatory response and attenuates innate immunity, which suggests that MERS-CoV is more lethal compared with SARS-CoV [35] [36] [37] . Primarily the MERS virus interacts with the host DPP4 receptor through its spike (S) protein after entering the respiratory tract. DPP4 receptors are present on the epithelial surface of various human organs such as, the lungs, kidneys, liver, bone marrow, thymus and intestines [38] . The systemic distribution of DPP4 facilitates the dissemination of virus in the human body. Expression of DPP4 on the respiratory tract is mainly on type I and type II pneumocytes, endothelial cells, nonciliated bronchial epithelial cells and a few forms of hematopoietic cells [39, 40] . The abundance of the receptor DPP4 is greater on the epithelial cells lining the lower airways and alveoli and lesser on the epithelial surface of upper conducting airways and nasal cavity [41] . Recent findings have suggested that a prior existing pulmonary ailment might increase the chances of such individuals contracting MERS, as chronic pulmonary diseases results in enhanced DPP4 expression [40] .", "denotations": []}