{"cord_uid": "opjd4ylh", "sourcedb": "PMC", "sourceid": "10.3390/ijerph16244977", "div_id": 9, "text": "The study used a non-probability purposive sampling method, since it involves selection of individuals for participation based on their knowledge of a phenomenon that is being studied. It was believed that those participants would provide the researcher with the rich data needed to gain insight and discover new meaning in an area of study. The inclusion criteria were all nurses with five years' experience caring for TB patients since it was believed that they would provide information-rich data.", "denotations": []}