{"cord_uid": "opjd4ylh", "sourcedb": "PMC", "sourceid": "10.3390/ijerph16244977", "div_id": 12, "text": "The research participants freely responded to open-ended questions in narrative form using their own words, thus sharing their own perspectives with the researcher. Questions were not planned in an inflexible manner. The questions were not asked in a pre-arranged sequence, but the researcher ensured that all relevant topics were covered and that the research focus was kept in mind. The researcher also asked probing questions to guide participants to elaborate further upon their responses where additional information were required or where unclear answers required more clarity. This resulted in gaining in-depth accounts about participants' experiences while caring for TB patients. Data was collected by means of audio-recordings, field notes, and in-depth interviews.", "denotations": []}