{"cord_uid": "opjd4ylh", "sourcedb": "PMC", "sourceid": "10.3390/ijerph16244977", "div_id": 72, "text": "Evidence indicates that nurses have a heavy workload and they work under pressure on a daily basis. They are expected to have high levels of independence, well-developed problem-solving abilities, and leadership responsibilities. Regardless of all the skills they have acquired they still express needs that are not met by the healthcare managements. The following sub-themes were developed under support needs for the nurses: good ventilated working environment, good infection control and prevention measurements, and special support from management.", "denotations": []}