{"cord_uid": "opjd4ylh", "sourcedb": "PMC", "sourceid": "10.3390/ijerph16244977", "div_id": 40, "text": "Improving the productivity and performance of health workers to ensure that health interventions are efficiently delivered is important in the healthcare setting. Human resources for health, consisting of clinical and non-clinical staff, are the most important assets of health systems. The performance of a health organization depends on the knowledge, skills, and motivation of individuals. It is important for employers to provide suitable working resources to ensure that the performances of employees meet the desired standards.", "denotations": []}