{"cord_uid": "p2h8p5bm", "sourcedb": "PMC", "sourceid": "PMC6071234", "div_id": 29, "text": "The TRIM proteins are a family of proteins able to mediate antiviral activity against many different viruses [156] . The rodent specific TRIM79\u03b1 was identified to interact with LGTV NS5 in a yeast two-hybrid screen. TRIM79\u03b1 expression inhibited viral infection of LGTV and TBEV by mediating lysosomal dependent degradation of NS5. Interestingly this mechanism was quite specific to tick-borne flaviviruses as the mosquito borne WNV was not inhibited by TRIM79\u03b1 nor did TRIM79\u03b1 interact with NS5 of WNV [147] .", "denotations": []}