{"cord_uid": "p2h8p5bm", "sourcedb": "PMC", "sourceid": "PMC6071234", "div_id": 1, "text": "Flaviviruses are globally distributed pathogens causing millions of human infections every year. Flaviviruses are arthropod-borne viruses and are mainly transmitted by either ticks or mosquitoes. Mosquito-borne flaviviruses and their interactions with the innate immune response have been well-studied and reviewed extensively, thus this review will discuss tick-borne flaviviruses and their interactions with the host innate immune response.", "denotations": []}