{"cord_uid": "p2h8p5bm", "sourcedb": "PMC", "sourceid": "PMC6071234", "div_id": 36, "text": "Even though recent studies have shed light on the role of innate immunity during tick-borne flavivirus infection, much remains unknown. For example, the role of the TLR-TRIF and TLR-MyD88 pathway in pathogenesis and viral recognition. Furthermore, most studies were performed using LGTV and TBEV, and although they are closely related to POWV, LIV, KFDV, and OHFV, their interactions with the innate immune response might differ. Although IFN has been shown to strongly control viral tropism and pathogenesis of tick-borne flaviviruses, few antiviral ISGs have been identified. Viperin has been shown to be the most important ISG in cortical neurons, however, other ISGs that target TBEV expressed in astrocytes and granular cell neurons are yet to be identified and very little is known about the early response against the hemorrhagic TBFVs. We also know very little about how the innate immune response regulates the neuroinvasion of neurotropic TBFV, and the specific interactions between the tick vector and the different viruses. ", "denotations": []}