{"cord_uid": "p95vzcoy", "sourcedb": "PMC", "sourceid": "PMC6920936", "div_id": 13, "text": "For the reverse transcription, we used the M-MLV RT (Promega, D\u00fcbendorf, Switzerland) Kit and followed the manufacturer's recommendations: Template RNA (50-500 \u00b5g, Table S1 ) was incubated with 0.75 \u00b5L of a random hexamer oligonucleotide (100 \u00b5M) and H 2 O for 5 min at 70 \u2022 C in a thermocycler (Biometra; Analytik Jena, Jena, Germany). For the cDNA synthesis, 5 \u00b5L 5\u00d7 buffer, 1.125 \u00b5L nucleoside triphosphate (dNTP) 10 mM and 1 \u00b5L reverse transcriptase (M-MLV) was added to a final reaction volume of 25 \u00b5L, which was incubated at 37 \u2022 C for 60 min. The resulting cDNA was diluted 1/5 and stored at \u221225 \u2022 C until further processing.", "denotations": []}