{"cord_uid": "payjduek", "sourcedb": "PMC", "sourceid": "PMC6652017", "div_id": 13, "text": "The diagnosis of measles in the patient was confirmed by both measles virus isolation from the throat swab and also detection of measles-specific antibodies (IgM) in the serum. Having been exposed to an unvaccinated relative who had laboratory-confirmed measles, the patient, a 7-month old infant, then developed the classical manifestations and progressed through the typical natural history of measles infection, without developing any other complications. Measles infection is caused by measles virus, a Morbillivirus in the family paramyxoviridae [9] . The disease remains an important childhood affliction, causing 89 780 deaths globally in 2016, despite the availability of an effective vaccine [10] . In Malaysia, measles vaccination is given to infants aged 9months. With a vaccination coverage of 94% in 2016, the incidence of measles in Malaysia was reported to be 5.0 per 100,000 population while the mortality rate from measles was 0.02 per 100,000 population [11] . Although the diagnosis is usually made based on the characteristic clinical manifestations, confirmation of measles infection may be obtained by detection of measles specific IgM antibodies in the serum, and also through measles virus identification from throat-swab and urine specimens [12] .", "denotations": []}