{"cord_uid": "payjduek", "sourcedb": "PMC", "sourceid": "PMC6652017", "div_id": 10, "text": "He was treated with oral vitamin A and intra-venous fluids. His condition began to improve on day 6 of illness, with a resolution of the fever and improvement in feeding and activity. By the 7th day of illness, both the generalized rash as well as the BCG inoculation site erythema and induration appeared to be resolving, leaving some hyperpigmentation (Fig. 1c, d) . He was then discharged home.", "denotations": [{"id": "Symptom_COVID-19", "span": {"begin": 137, "end": 142}, "obj": "Symptom_COVID-19"}]}