{"cord_uid": "payjduek", "sourcedb": "PMC", "sourceid": "PMC6652017", "div_id": 12, "text": "To the best of our knowledge, this is the first case report to describe BCG reactivation in a child with confirmed measles infection. A search of the PubMed/MEDLINE database using the key terms \"Bacillus Calmette-Gu\u00e9rin\", \"Bacille Calmette-Gu\u00e9rin\", \"BCG\" and \"measles\" revealed no reports of similar cases in the published literature. Although the detection of BCG inoculation site erythema and induration did prompt a thorough investigation for KD in our patient, diagnostic criteria for the disease was not met. All clinical and laboratory findings were however consistent with the diagnosis of measles, and a complete and rapid recovery ensued with supportive therapy.", "denotations": []}