{"cord_uid": "pj330wn4", "sourcedb": "PMC", "sourceid": "10.1186/2046-2530-1-14", "div_id": 8, "text": "Human respiratory epithelium was obtained by brushing the inferior nasal turbinate with a 2-mm cytology brush (Keymed, Southend-on-Sea, UK) as previously described [7] . Cells were dislodged from the brush into M199 medium and grown to a ciliated phenotype at air-liquid interface as previously described [17] . Ethical approval for the collection of nasal epithelial cells was given by the Leicestershire Ethical Review Committee. ", "denotations": []}