{"cord_uid": "qriqtv0y", "sourcedb": "PMC", "sourceid": "PMC6642606", "div_id": 10, "text": "Sample collection was conducted in domestic dogs at small animal hospitals in Bangkok and vicinity of Thailand During September 2016 to September 2018. 307 rectal swab samples were collected from healthy dogs (n = 55) and dogs with gastroenteritis symptoms (n = 252) including vomiting, watery diarrhea, hemorrhagic diarrhea and dehydration. The swab samples were collected from dogs of young age (< 1 year) (n = 165), adult (1-5 years) (n = 98) and older (> 5 years) (n = 44). The animal demographic data including age, sex, breed, and vaccination history were also recorded. The ethics was conducted under the Chulalongkorn University's animal use and care protocol # 1731074. The consent to participate of the owners of the animals used in this study was obtained in writing.", "denotations": [{"id": "Symptom_COVID-19", "span": {"begin": 277, "end": 285}, "obj": "Symptom_COVID-19"}, {"id": "Symptom_COVID-19", "span": {"begin": 294, "end": 302}, "obj": "Symptom_COVID-19"}, {"id": "Symptom_COVID-19", "span": {"begin": 316, "end": 324}, "obj": "Symptom_COVID-19"}]}