{"cord_uid": "rdgm0q7m", "sourcedb": "PMC", "sourceid": "PMC4937337", "div_id": 9, "text": "and similarly for % \u22122FS. In the formula, the number of methionines in the stop, \u22121FS and \u22122FS products are denoted by MetS, MetFS1 and MetFS2 respectively; while the densitometry values for the same products are denoted by IS, IFS1 and IFS2, respectively. All frameshift assays were carried out a minimum of three times and the measured frameshift efficiencies (\u00b1SEM) are provided in the Supplementary Data.", "denotations": []}