{"cord_uid": "rdgm0q7m", "sourcedb": "PMC", "sourceid": "PMC4937337", "div_id": 3, "text": "Central to almost all examples of \u22121 PRF is the interaction of the ribosome with a stimulatory mRNA structure (a stem-loop or RNA pseudoknot) which promotes frameshifting on a stretch of homopolymeric bases known as the slippery sequence. How these RNA structures act is incompletely understood, but accumulating evidence supports the view that by presenting an unusual topology (1, 2, (8) (9) (10) (11) they confound an intrinsic unwinding activity of the ribosome with consequent effects on the elongation cycle and frame maintenance (12) (13) (14) . Indeed, kinetic analyses in bacterial systems indicate that stimulatory RNAs can impair movements of the ribosomal small subunit (30S) head, delaying dissociation of EF-G and the release of tRNA from the ribosome (15) (16) (17) .", "denotations": []}