{"cord_uid": "rn84e3ur", "sourcedb": "PMC", "sourceid": "PMC4133625", "div_id": 41, "text": "As shown in Figure 7 , the moving person also receives a high intake dose and has a high exposure level. So, if a seated passenger walks in the airplane cabin (e.g. walking to the washroom) when the index patient is coughing, his/her exposure level will also significantly increase and result in a higher infection risk. This effect is also investigated in the likelihood analysis according to Eq. (3):", "denotations": [{"id": "Symptom_COVID-19", "span": {"begin": 216, "end": 224}, "obj": "Symptom_COVID-19"}]}