{"cord_uid": "skavefji", "sourcedb": "PMC", "sourceid": "PMC4019586", "div_id": 2, "text": "Methods: BAL fluid cellular analysis was evaluated in 47 adult patients who underwent bronchoscopic BAL following less than 24 hours of antimicrobial agent exposure. The abilities of BAL fluid total white blood cell (WBC) counts and differential cell counts to differentiate between bacterial and viral pneumonia were evaluated using receiver operating characteristic (ROC) curve analysis.", "denotations": [{"id": "Symptom_COVID-19", "span": {"begin": 303, "end": 312}, "obj": "Symptom_COVID-19"}]}