{"cord_uid": "skavefji", "sourcedb": "PMC", "sourceid": "PMC4019586", "div_id": 10, "text": "Bacterial, fungal, and mycobacterial cultures of endotracheal aspirates and BAL fluid were performed. Respiratory viruses were tested by a multiplex reverse-transcription polymerase chain reaction (PCR) assay using a Seeplex RV15 ACE Detection kit (Seegene Inc., Seoul, Korea) and/or shell vial culture. PCR to detect Mycoplasma pneumoniae, Chlamydophila pneumoniae, and Legionella pneumophila, and a urinary antigen test to detect Streptococcus pneumoniae and L. pneumophilia serogroup 1 species were also performed.", "denotations": [{"id": "Symptom_COVID-19", "span": {"begin": 329, "end": 338}, "obj": "Symptom_COVID-19"}, {"id": "Symptom_COVID-19", "span": {"begin": 355, "end": 364}, "obj": "Symptom_COVID-19"}, {"id": "Symptom_COVID-19", "span": {"begin": 446, "end": 455}, "obj": "Symptom_COVID-19"}]}