{"cord_uid": "v07oosd2", "sourcedb": "PMC", "sourceid": "PMC5437690", "div_id": 28, "text": "However, to ensure swine welfare, productivity and reduced mortality associated with PWD, alternatives to colistin and other antimicrobials, especially those of critical importance for human health, are essential in pigs. There is a major debate over the terminology 'alternative to antibiotics' because we do not propose substances with antibacterial activity but rather substances that act on bacteria indirectly, either by stimulating the host immune system, by the release of substances that have antibacterial activity or by improving the host gut health and consequently growth performance [87] . Thus, we will use the terminology \u00abstrategies\u00bb or \u00abmeasures\u00bb to describe alternatives to antimicrobials. Due to the multifactorial etiology of PWD, finding case-specific preventive measures against this disease is a challenge for both researchers and veterinarians. Here we give an overview of these preventive strategies, focusing on the most practical and promising ones for the control of PWD in pigs.", "denotations": []}