{"cord_uid": "v07oosd2", "sourcedb": "PMC", "sourceid": "PMC5437690", "div_id": 45, "text": "Organic acids Decreased pH in the stomach Exact modes of action still unknown [108] Improved growth performance Anti microbial activities is different between acids Reduced PWD Prebiotics, probiotics and synbiotics Improved intestinal health Sometimes contradictory studies on their effectiveness [127, 130] Improved growth performance Lack of information on the potential synergism between pre-and probiotics Reduced ETEC: F4 attachment to the ileal mucosa", "denotations": []}