{"cord_uid": "v6a41kh8", "sourcedb": "PMC", "sourceid": "PMC2727531", "div_id": 1, "text": "Background: Pneumonia is among the main causes of illness and death in children <5 years of age. There is a need to better describe the epidemiology of viral community-acquired pneumonia (CAP) in developing countries.", "denotations": [{"id": "Symptom_COVID-19", "span": {"begin": 12, "end": 21}, "obj": "Symptom_COVID-19"}, {"id": "Symptom_COVID-19", "span": {"begin": 177, "end": 186}, "obj": "Symptom_COVID-19"}]}