{"cord_uid": "vgfdfuza", "sourcedb": "PMC", "sourceid": " Facilitators", "div_id": 47, "text": "Research in Singapore was unanimously considered to be well promoted and funded, albeit it was also rated to be very competitive in terms of securing research funding. There was ongoing AMR research including in the areas of surveillance, prevention of transmission, whole genome sequencing, among others. Of the various arms of AMR research, surveillance was considered to be one of the main pillars in AMR research: \"One of the key reasons in the national action plan is research. And among the research activities there have been sort of highlighted in terms of priority, is better surveillance. You know, how to better measure the different perspectives and areas that we need to, outside the hospitals: primary care, the community and understanding the sort of pathways of antibiotic resistances, what is driving, the drivers of antibiotic resistance locally . . . \" -I07, Human Health", "denotations": []}