{"cord_uid": "vgfdfuza", "sourcedb": "PMC", "sourceid": " Facilitators", "div_id": 31, "text": "\"The primary source for us ( . . . ) is, of course, our hospitals, also hospital effluents. We know that there are very high concentrations of all these last resort antibiotics, especially from the ICUs (Intensive Care Units) and all that, and it gets into the wastewater which then goes into the sewerage system, all the way to the wastewater treatment plant.\" -I14, Environment Health Also, there was a scope for improving the wastewater treatment standard to treat some antibiotic residues so that they do not harbor AMR.", "denotations": []}