{"cord_uid": "vgfdfuza", "sourcedb": "PMC", "sourceid": " Facilitators", "div_id": 27, "text": "Stakeholders differed on their take as to what contributes more to AMR and ultimately which policy may help in reducing it. Physicians reported being aware of the importance of antimicrobial stewardship policies and infection prevention measures to control AMR, but were unsure if these programs alone could alleviate AMR since they believed that AMR could also be generated by antimicrobial use in animal farming as growth promoters. On the contrary, animal health experts believed the animal food industry did not contribute much to the growing resistance since the volume of antimicrobial used over the lifespan of livestock was very low. As reported by an animal health expert:", "denotations": []}