{"cord_uid": "vgfdfuza", "sourcedb": "PMC", "sourceid": " Facilitators", "div_id": 14, "text": "\"I think we need people who can inform on public policy in a way that would make our population understand. So we don't have those communication agencies. I think we have think tanks, right? And we have scientific groups. But we don't quite have that translation into a public health campaign.\" -I02. Human Health Some participants stated the importance of raising AMR awareness to counter its emergence. It was suggested that by raising awareness of the topic and getting more funds to drive AMR programs for the general population and stakeholders alike, AMR emergence could be tackled better.", "denotations": []}