{"cord_uid": "vgfdfuza", "sourcedb": "PMC", "sourceid": " Facilitators", "div_id": 4, "text": "Ethical approval was obtained from the National University of Singapore Institutional Review Board (NUS-IRB). Each participant was provided an information sheet stating the objectives and methods of the research, at the point of recruitment. The confidentiality and anonymity of participants' responses was also highlighted. Written consent was sought before the beginning of each interview, requesting for permission to be audio-recorded and to be quoted anonymously in research outputs.", "denotations": []}