{"cord_uid": "vgfdfuza", "sourcedb": "PMC", "sourceid": " Facilitators", "div_id": 28, "text": "\"Even though the vets use a huge volume of antibiotic in farming, I think the quantity used per animal over a period of time is way less than what we can get from human clinics. Way, way less.\" -I17, Animal Health 3.3.6. Need to Address the Prevention of AMR outside the Human Health Sector Many participants also expressed that AMR in Singapore had so far only been addressed in the hospital sector and not much had been done regarding the prevention of AMR in the animal and environment health domains. It was also mentioned that within NAT most of its members and emphasis was still focused on the hospital sector:", "denotations": []}