{"cord_uid": "vgfdfuza", "sourcedb": "PMC", "sourceid": " Facilitators", "div_id": 62, "text": "Second, considering governance approaches for the successful control of AMR requires a focus on both whole of society and sector specific approaches [19] . This was detailed in a previous paper where we proposed a new governance framework to investigate power relations and responses for diverse stakeholders addressing AMR [19] . As Kickbusch mentioned, and further discussed in our paper, recently there has been a diffusion of governance moving from a model dominated by the state to a model co-produced by a wide range of actors [27] . As a result, Kickbusch has identified five types of governance present in whole-of-government approaches. These include: (1) governing among others by mixing regulation and persuasion; (2) by collaborating; (3) by engaging citizens;", "denotations": []}