{"cord_uid": "vgfdfuza", "sourcedb": "PMC", "sourceid": " Facilitators", "div_id": 11, "text": "\"What WHO or even the EU is recommending, ( . . . ) I have been trying to push for that. We follow what others are doing, we don't want to reinvent the wheel, so that we can then compare ourselves.\" -I07, Human Health Participants credited the proactive Singaporean government with forming a One Health platform, maintaining effective communication, and coordination between the agencies. One example of this was the formulation of the National Strategic Action Plan on AMR that was released in 2017. Despite establishing a One Health platform, participants suggested that the implementation of programs against AMR would be more challenging. They stressed on the necessity of advocating the importance of AMR to raise awareness.", "denotations": []}