{"cord_uid": "vgfdfuza", "sourcedb": "PMC", "sourceid": " Facilitators", "div_id": 59, "text": "This paper has discussed the challenges and facilitators to addressing AMR in a well-resourced setting such as Singapore. Despite Singapore having an established One Health platform representing all the different stakeholders; appropriate funding to address the response; existence of stewardship and surveillance programs in public hospitals; an active program in research; and a motivated workforce; most participants raised several challenges to address AMR efficiently. These included, among other, vested interests among some stakeholders; disagreements between the human and animal health sectors; low public awareness; the need to address prevention of AMR in the animal and environmental sector; political and cultural aspects influencing AMR; and lax stewardship policies in the private sector.", "denotations": []}