{"cord_uid": "x665uk1d", "sourcedb": "PMC", "sourceid": "PMC4072776", "div_id": 32, "text": "Anti-3D8 scFv polyclonal antibody was provided by Dr. Kwon (Ajou University School of Medicine). Anti-PRV gD monoclonal antibody was purchased from Jeno Biotech Inc. (Chuncheon, Korea) and anti-HSV monoclonal antibody was obtained from Chemicon (Temecula, CA, USA). Anti-GAPDH polyclonal antibody was purchased from Santa Cruz Biotechnology (Santa Cruz, CA, USA). Establishment of 3D8 scFv-and mu3D8 scFv-expressing HeLa cell lines 3D8 scFv and mu3D8 scFv were amplified by PCR from the pIg20-3D8 scFv vector [23] and then subcloned into the pcDNA3.1 V5/His-B vector (Invitrogen, Carlsbad, CA, USA). pcDNA3.1-3D8 scFv and pcDNA3.1-mu3D8 scFv were transfected into HeLa cells using Fugene HD transfection reagents (Roche, Indianapolis, IN, USA) and selected by G418 selection (400 mg/ ml). The relative concentrations of 3D8 scFv and mu3D8 scFv were calculated by quantitative real-time PCR after normalization to the GAPDH gene (Table 2. ). The primer efficiency of 3D8 scFv and GAPDH are 1.845 and 2.065, respectively.", "denotations": []}