{
    "paper_id": "35cf9c43b3b1028de85e24946f7bbc0436b24190",
    "metadata": {
        "title": "",
        "authors": []
    },
    "abstract": [],
    "body_text": [
        {
            "text": "The results for the method proposed in [1] and that in [2] were not listed because the former had no web-server and latter's web-server did not work. b The number colored with red means the SNO site of correct prediction. c The method proposed in [3] where the threshold parameter was set at \"medium\" to get its highest overall accuracy. d The method proposed in [4] .",
            "cite_spans": [
                {
                    "start": 39,
                    "end": 42,
                    "text": "[1]",
                    "ref_id": "BIBREF0"
                },
                {
                    "start": 55,
                    "end": 58,
                    "text": "[2]",
                    "ref_id": "BIBREF1"
                },
                {
                    "start": 247,
                    "end": 250,
                    "text": "[3]",
                    "ref_id": "BIBREF2"
                },
                {
                    "start": 363,
                    "end": 366,
                    "text": "[4]",
                    "ref_id": "BIBREF3"
                }
            ],
            "ref_spans": [],
            "section": ""
        }
    ],
    "bib_entries": {
        "BIBREF0": {
            "ref_id": "b0",
            "title": "Predict and analyze S-nitrosylation modification sites with the mRMR and IFS approaches",
            "authors": [
                {
                    "first": "B",
                    "middle": [
                        "Q"
                    ],
                    "last": "Li",
                    "suffix": ""
                },
                {
                    "first": "L",
                    "middle": [
                        "L"
                    ],
                    "last": "Hu",
                    "suffix": ""
                },
                {
                    "first": "S",
                    "middle": [],
                    "last": "Niu",
                    "suffix": ""
                },
                {
                    "first": "Y",
                    "middle": [
                        "D"
                    ],
                    "last": "Cai",
                    "suffix": ""
                },
                {
                    "first": "K",
                    "middle": [
                        "C"
                    ],
                    "last": "Chou",
                    "suffix": ""
                }
            ],
            "year": 2012,
            "venue": "J Proteomics",
            "volume": "75",
            "issn": "",
            "pages": "1654--1665",
            "other_ids": {}
        },
        "BIBREF1": {
            "ref_id": "b1",
            "title": "An efficient support vector machine approach for identifying protein S-nitrosylation sites",
            "authors": [
                {
                    "first": "Y",
                    "middle": [
                        "X"
                    ],
                    "last": "Li",
                    "suffix": ""
                },
                {
                    "first": "Y",
                    "middle": [
                        "H"
                    ],
                    "last": "Shao",
                    "suffix": ""
                },
                {
                    "first": "L",
                    "middle": [],
                    "last": "Jing",
                    "suffix": ""
                },
                {
                    "first": "N",
                    "middle": [
                        "Y"
                    ],
                    "last": "Deng",
                    "suffix": ""
                }
            ],
            "year": 2011,
            "venue": "Protein Pept Lett",
            "volume": "18",
            "issn": "",
            "pages": "573--587",
            "other_ids": {}
        },
        "BIBREF2": {
            "ref_id": "b2",
            "title": "GPS-SNO: computational prediction of protein S-nitrosylation sites with a modified GPS algorithm",
            "authors": [
                {
                    "first": "Y",
                    "middle": [],
                    "last": "Xue",
                    "suffix": ""
                },
                {
                    "first": "Z",
                    "middle": [],
                    "last": "Liu",
                    "suffix": ""
                },
                {
                    "first": "X",
                    "middle": [],
                    "last": "Gao",
                    "suffix": ""
                },
                {
                    "first": "Jin",
                    "middle": [
                        "C"
                    ],
                    "last": "Wen",
                    "suffix": ""
                },
                {
                    "first": "L",
                    "middle": [],
                    "last": "",
                    "suffix": ""
                }
            ],
            "year": 2010,
            "venue": "PLoS One",
            "volume": "5",
            "issn": "",
            "pages": "",
            "other_ids": {}
        },
        "BIBREF3": {
            "ref_id": "b3",
            "title": "iSNO-PseAAC: Predict cysteine Snitrosylation sites in proteins by incorporating position specific amino acid propensity into pseudo amino acid composition",
            "authors": [
                {
                    "first": "Y",
                    "middle": [],
                    "last": "Xu",
                    "suffix": ""
                },
                {
                    "first": "J",
                    "middle": [],
                    "last": "Ding",
                    "suffix": ""
                },
                {
                    "first": "L",
                    "middle": [
                        "Y"
                    ],
                    "last": "Wu",
                    "suffix": ""
                },
                {
                    "first": "K",
                    "middle": [
                        "C"
                    ],
                    "last": "Chou",
                    "suffix": ""
                }
            ],
            "year": 2013,
            "venue": "PLoS ONE",
            "volume": "8",
            "issn": "",
            "pages": "",
            "other_ids": {}
        }
    },
    "ref_entries": {},
    "back_matter": []
}