{
    "paper_id": "4997e92b014bb26f8184eae26662a09ffcf4f733",
    "metadata": {
        "title": "DGV: Dengue Genographic Viewer",
        "authors": [
            {
                "first": "Akihide",
                "middle": [],
                "last": "Ryo",
                "suffix": "",
                "affiliation": {},
                "email": ""
            },
            {
                "first": "Akifumi",
                "middle": [],
                "last": "Yamashita",
                "suffix": "",
                "affiliation": {
                    "laboratory": "",
                    "institution": "National Institute of Infectious Diseases",
                    "location": {
                        "settlement": "Tokyo",
                        "country": "Japan"
                    }
                },
                "email": ""
            },
            {
                "first": "Tetsuya",
                "middle": [],
                "last": "Sakamoto",
                "suffix": "",
                "affiliation": {
                    "laboratory": "",
                    "institution": "National Institute of Infectious Diseases",
                    "location": {
                        "settlement": "Tokyo",
                        "country": "Japan"
                    }
                },
                "email": ""
            },
            {
                "first": "Tsuyoshi",
                "middle": [],
                "last": "Sekizuka",
                "suffix": "",
                "affiliation": {
                    "laboratory": "",
                    "institution": "National Institute of Infectious Diseases",
                    "location": {
                        "settlement": "Tokyo",
                        "country": "Japan"
                    }
                },
                "email": ""
            },
            {
                "first": "Kengo",
                "middle": [],
                "last": "Kato",
                "suffix": "",
                "affiliation": {
                    "laboratory": "",
                    "institution": "National Institute of Infectious Diseases",
                    "location": {
                        "settlement": "Tokyo",
                        "country": "Japan"
                    }
                },
                "email": ""
            },
            {
                "first": "Tomohiko",
                "middle": [],
                "last": "Takasaki",
                "suffix": "",
                "affiliation": {
                    "laboratory": "",
                    "institution": "National Institute of Infectious Diseases",
                    "location": {
                        "settlement": "Tokyo",
                        "country": "Japan"
                    }
                },
                "email": ""
            },
            {
                "first": "Makoto",
                "middle": [],
                "last": "Kuroda",
                "suffix": "",
                "affiliation": {
                    "laboratory": "",
                    "institution": "National Institute of Infectious Diseases",
                    "location": {
                        "settlement": "Tokyo",
                        "country": "Japan"
                    }
                },
                "email": ""
            }
        ]
    },
    "abstract": [
        {
            "text": "Dengue viruses (DENVs) and their vectors are widely distributed throughout the tropical and subtropical regions of the world. An autochthonous case of DENV was reported in Tokyo, Japan, in 2014, for the first time in 70 years. A comprehensive database of DENV sequences containing both serotype and genotype data and epidemiological data is crucial to trace DENV outbreak isolates and promptly respond to outbreaks. We constructed a DENV database containing the serotype, genotype, year and country/region of collection by collecting all publically available DENV sequence information from the National Center for Biotechnology Information (NCBI) and assigning genotype information. We also implemented the web service Dengue Genographic Viewer (DGV), which shows the geographical distribution of each DENV genotype in a user-specified time span. DGV also assigns the serotype and genotype to a user-specified sequence by performing a homology search against the curated DENV database, and shows its homologous sequences with the geographical position and year of collection. DGV also shows the distribution of DENV-infected entrants to Japan by plotting epidemiological data from the Infectious Agents Surveillance Report (IASR), Japan. This overview of the DENV genotype distribution may aid in planning for the control of DENV infections. DGV is freely available online at: (https://gph.niid.go.jp/geograph/dengue/content/genomemap).",
            "cite_spans": [],
            "ref_spans": [],
            "section": "Abstract"
        }
    ],
    "body_text": [
        {
            "text": "Dengue viruses (DENVs) are members of the genus Flavivirus in the family Flaviviridae and consist of four serotypes (DENV-1 to -4) (Lanciotti et al., 1992; Kuhn et al., 2002) . Each serotype can be divided into five to six genotypes. However, there is no standard genotyping classification [DENV-1, (Goncalvez et al., 2002) ; DENV-2, (Anez et al., 2011; Khan et al., 2013) ; DENV-3, (Lanciotti et al., 1994; Wittke et al., 2002; Klungthong et al., 2008) ; DENV-4, (Abubakar et al., 2002) ]. DENV has a positive-sense, single-stranded RNA genome that is \u223c11 kb in length and encodes a capsid protein (C), premembrane protein (prM), and envelope glycoprotein (E) in addition to seven non-structural proteins (NSs, NS1, NS2A, NS2B, NS3, NS4A, NS4B, and NS5) . DENV infection causes dengue illness, which may range from dengue fever (a mild illness) to dengue hemorrhagic fever and dengue shock syndrome (the severe forms of the illness) in addition to asymptomatic cases Abbreviations: DENV, Dengue virus; C, capsid protein; prM, premembrane protein; E, envelope glycoprotein; NS, nonstructural protein; NCBI, national center for biotechnology information; IASR, Infectious Agents Surveillance Report.",
            "cite_spans": [
                {
                    "start": 131,
                    "end": 155,
                    "text": "(Lanciotti et al., 1992;",
                    "ref_id": "BIBREF12"
                },
                {
                    "start": 156,
                    "end": 174,
                    "text": "Kuhn et al., 2002)",
                    "ref_id": "BIBREF10"
                },
                {
                    "start": 299,
                    "end": 323,
                    "text": "(Goncalvez et al., 2002)",
                    "ref_id": "BIBREF6"
                },
                {
                    "start": 334,
                    "end": 353,
                    "text": "(Anez et al., 2011;",
                    "ref_id": "BIBREF1"
                },
                {
                    "start": 354,
                    "end": 372,
                    "text": "Khan et al., 2013)",
                    "ref_id": "BIBREF8"
                },
                {
                    "start": 383,
                    "end": 407,
                    "text": "(Lanciotti et al., 1994;",
                    "ref_id": "BIBREF13"
                },
                {
                    "start": 408,
                    "end": 428,
                    "text": "Wittke et al., 2002;",
                    "ref_id": "BIBREF19"
                },
                {
                    "start": 429,
                    "end": 453,
                    "text": "Klungthong et al., 2008)",
                    "ref_id": "BIBREF9"
                },
                {
                    "start": 464,
                    "end": 487,
                    "text": "(Abubakar et al., 2002)",
                    "ref_id": "BIBREF0"
                },
                {
                    "start": 706,
                    "end": 711,
                    "text": "(NSs,",
                    "ref_id": null
                },
                {
                    "start": 712,
                    "end": 716,
                    "text": "NS1,",
                    "ref_id": null
                },
                {
                    "start": 717,
                    "end": 722,
                    "text": "NS2A,",
                    "ref_id": null
                },
                {
                    "start": 723,
                    "end": 728,
                    "text": "NS2B,",
                    "ref_id": null
                },
                {
                    "start": 729,
                    "end": 733,
                    "text": "NS3,",
                    "ref_id": null
                },
                {
                    "start": 734,
                    "end": 739,
                    "text": "NS4A,",
                    "ref_id": null
                },
                {
                    "start": 740,
                    "end": 745,
                    "text": "NS4B,",
                    "ref_id": null
                },
                {
                    "start": 746,
                    "end": 754,
                    "text": "and NS5)",
                    "ref_id": null
                }
            ],
            "ref_spans": [],
            "section": "INTRODUCTION"
        },
        {
            "text": "(Centers for Disease Control and Prevention; http://www. cdc.gov/dengue/clinicalLab/clinical.html). Infection results in lifetime immunity against the same serotype, but successive exposure to different DENVs increases the likelihood of contracting a severe form of dengue illness, such as dengue hemorrhagic fever or dengue shock syndrome (Chiappelli et al., 2014) .",
            "cite_spans": [
                {
                    "start": 340,
                    "end": 365,
                    "text": "(Chiappelli et al., 2014)",
                    "ref_id": "BIBREF4"
                }
            ],
            "ref_spans": [],
            "section": "INTRODUCTION"
        },
        {
            "text": "DENV and its vectors have become widely distributed throughout the tropical and subtropical regions of the world (Murray et al., 2013 ). An autochthonous case of DENV infection was reported in Tokyo, Japan, in 2014 for the first time in 70 years (Kutsuna et al., 2015) . To ensure prompt action in response to a DENV outbreak, a comprehensive DENV database based on the genotypes would be essential for tracing the outbreak source. To date, only two DENV databases provide genotype information. The web service ViPR 1 (Pickett et al., 2012) supports genetic analysis based on the viral genome for a tested input sequence, including DENV sequences. The second database is the Dengue virus genotyping database 2 (Yamashita et al., 2013) , which provides a summary table containing the DENV serotype/genotype, year and country of collection and accession number. There are many other DENV databases; however, no other sites provide summarized genotype information. The Dengue Virus Resource 3 facilitates the retrieval of DENV sequences deposited in GenBank according to serotype, disease symptom, host, region/country, genome region, and collection and/or release data (Resch et al., 2009) . DENVirDB 4 provides sequence information and computationally curated information of dengue viral proteins (Asnet et al., 2014) . DENVDB focuses on the dengue virus sequence database for keyword searches (no publication: http://proline.bic.nus.edu.sg/denvdb/). Finally, the Dengue Virus Portal is a sequence collection with metadata (no publication: https://www.broadinstitute.org/ annotation/viral/Dengue/Home.html).",
            "cite_spans": [
                {
                    "start": 113,
                    "end": 133,
                    "text": "(Murray et al., 2013",
                    "ref_id": "BIBREF14"
                },
                {
                    "start": 246,
                    "end": 268,
                    "text": "(Kutsuna et al., 2015)",
                    "ref_id": "BIBREF11"
                },
                {
                    "start": 518,
                    "end": 540,
                    "text": "(Pickett et al., 2012)",
                    "ref_id": "BIBREF15"
                },
                {
                    "start": 710,
                    "end": 734,
                    "text": "(Yamashita et al., 2013)",
                    "ref_id": "BIBREF20"
                },
                {
                    "start": 1167,
                    "end": 1187,
                    "text": "(Resch et al., 2009)",
                    "ref_id": "BIBREF16"
                },
                {
                    "start": 1296,
                    "end": 1316,
                    "text": "(Asnet et al., 2014)",
                    "ref_id": "BIBREF2"
                }
            ],
            "ref_spans": [],
            "section": "INTRODUCTION"
        },
        {
            "text": "Here, we constructed the website Dengue Genographic Viewer (DGV), which presents DENV information based on the genotype and epidemiological data by using the geographic tool Google Maps \u00a9 to update the recent dissemination of DENV genotypes from a global perspective.",
            "cite_spans": [],
            "ref_spans": [],
            "section": "INTRODUCTION"
        },
        {
            "text": "The DENV genotype database was constructed as follows:",
            "cite_spans": [],
            "ref_spans": [],
            "section": "Construction of the DENV Database"
        },
        {
            "text": "(1) all accessible DENV nucleotide sequences were collected;",
            "cite_spans": [],
            "ref_spans": [],
            "section": "Construction of the DENV Database"
        },
        {
            "text": "(2) the complete sequences of each protein region (C, prM, E, NS1, NS2A, NS2B, NS3, NS4A, NS4B, and NS5) were extracted from the sequences; (3) a blastn homology search was performed against the genotype database and the genotype of the most homologous sequence was assigned; (4) and the genotype data were stored in a database using SQLite (https://www.sqlite.org/).",
            "cite_spans": [],
            "ref_spans": [],
            "section": "Construction of the DENV Database"
        },
        {
            "text": "1. The DENV nucleotide sequences were downloaded from the NCBI database using key words (\"Dengue virus\"[porgn:__txid12637]). 2. A blastx homology search was performed to detect nucleotide regions that corresponded to each mature DENV protein; nucleotide regions that exhibited more than 85% sequence coverage to the protein were used for the subsequent analysis. 3. To reduce the time required to obtain the most homologous sequences in the genotype database, we reduced the number of sequences used in the blast search by clustering highly homologous sequences. We performed a uclust search (Edgar, 2010) against the nucleotide sequences of each protein region and selected one representative sequence for each homologous sequence group with a clustering threshold of 99% identity; then, the representative sequences were subjected to a homology search against the genotype database. The original genotype database was constructed according to the method proposed by previous report (Yamashita et al., 2013) . Briefly, the representative sequences were aligned by using the mafft (Katoh and Standley, 2014) program and Neighbor joining (NJ) phylogenetic trees were constructed using the MEGA5 program (Tamura et al., 2011) . The genotype of each gene was assigned manually according to the previous genotype database (Yamashita et al., 2013) . 4. Sequence ID, country/region and year of collection were extracted from the deposited GenBank data and integrated into the SQL database by using an in house Perl script.",
            "cite_spans": [
                {
                    "start": 592,
                    "end": 605,
                    "text": "(Edgar, 2010)",
                    "ref_id": "BIBREF5"
                },
                {
                    "start": 984,
                    "end": 1008,
                    "text": "(Yamashita et al., 2013)",
                    "ref_id": "BIBREF20"
                },
                {
                    "start": 1081,
                    "end": 1107,
                    "text": "(Katoh and Standley, 2014)",
                    "ref_id": "BIBREF7"
                },
                {
                    "start": 1202,
                    "end": 1223,
                    "text": "(Tamura et al., 2011)",
                    "ref_id": "BIBREF18"
                },
                {
                    "start": 1318,
                    "end": 1342,
                    "text": "(Yamashita et al., 2013)",
                    "ref_id": "BIBREF20"
                }
            ],
            "ref_spans": [],
            "section": "Construction of the DENV Database"
        },
        {
            "text": "The above processes except for the original database construction are performed automatically every night to update the recent DENV database.",
            "cite_spans": [],
            "ref_spans": [],
            "section": "Construction of the DENV Database"
        },
        {
            "text": "We implemented a set of viewer applications on DGV by using Google Maps \u00a9 , which shows the data in a temporal and spatial manner. One application presents the geographical distribution of each DENV genotype on the map in a userspecified time span. Another option is a homology search program that searches for the most homologous DENV sequence in the DGV database and show the geographical positions of closely related sequences on the map. The other interface shows the sources of imported dengue cases on the map, according to the Infectious Agents Surveillance Report (IASR), Japan (http://www.nih.go.jp/niid/en/iasr-e.html). This set of applications is available at the DGV web site (https://gph.niid.go.jp/geograph/dengue/content/genomemap).",
            "cite_spans": [],
            "ref_spans": [],
            "section": "Interactive Viewer Using Web Interface"
        },
        {
            "text": "On March 4, 2016, DGV included a total of 10,514 DENV sequences, which consisted of 3872, 3414, 2309, and 919 DENV serotype-1, -2, -3, and -4 sequences, respectively ( Table 1) . Some genotypes have been abundantly sequenced and deposited in the public database, whereas other genotypes have rarely been sequenced (i.e., DENV-1 genotype II was reported in only seven records from 1960 to 2012, DENV-4 genotype III was also reported in only seven records from 1997 to 2001, and DENV-3 genotype IV has not been reported since 1977). These rare genotypes may have become minor populations or may be undergoing a silent transmission cycle (Lanciotti et al., 1994; Chen and Vasilakis, 2011; Santiago et al., 2012) . Fifteen years' worth of data from 2000 to 2014 for all serotypes showed that DENV sequences were primarily reported from South to Southeast Asia, Central to South America, and the countries of Oceania (Figure 1A) . Some biases in DENV serotype compositions were observed in several countries. For instance, the dominant serotypes were DENV-1 and -2 in Mexico, DENV-1 and -4 in Polynesian countries with the exception of Fiji, and DENV-2 and -3 in Pakistan. In contrast, all serotypes were sampled in Brazil and Thailand.",
            "cite_spans": [
                {
                    "start": 635,
                    "end": 659,
                    "text": "(Lanciotti et al., 1994;",
                    "ref_id": "BIBREF13"
                },
                {
                    "start": 660,
                    "end": 685,
                    "text": "Chen and Vasilakis, 2011;",
                    "ref_id": "BIBREF3"
                },
                {
                    "start": 686,
                    "end": 708,
                    "text": "Santiago et al., 2012)",
                    "ref_id": "BIBREF17"
                }
            ],
            "ref_spans": [
                {
                    "start": 168,
                    "end": 176,
                    "text": "Table 1)",
                    "ref_id": "TABREF0"
                },
                {
                    "start": 912,
                    "end": 923,
                    "text": "(Figure 1A)",
                    "ref_id": "FIGREF0"
                }
            ],
            "section": "Distribution of DENV Genotypes"
        },
        {
            "text": "Intriguingly, when focusing on the genotype instead of the serotype, the data from 2000 to 2014 showed at least three potential geographical genotype distribution border lines in Asia (Figures 1B,2) . The first border is between the American continents and other regions (Figure 1B) , the second is located between Bangladesh and Myanmar for the genotype distributions of DENV-1 and -2 and India and Myanmar for DENV-3, and the third is located between Indochina and the Malay Peninsula (Figure 2) . There seem to be differences in the DENV-1 and -3 distributions between Malaysia, Singapore and Indonesia; however, the border line is not clear because Malaysia and Indonesia consist of many islands and share Kalimantan Island and the deposited sequence data do not specify the original island isolation site. Although, some boundaries are not clear, these boundaries are roughly conserved among all serotypes except for the Bangladesh-Myanmar border line for DENV-4, suggesting potential barriers against the vector mosquitos' movements or human activities between the countries.",
            "cite_spans": [],
            "ref_spans": [
                {
                    "start": 184,
                    "end": 198,
                    "text": "(Figures 1B,2)",
                    "ref_id": "FIGREF0"
                },
                {
                    "start": 271,
                    "end": 282,
                    "text": "(Figure 1B)",
                    "ref_id": "FIGREF0"
                },
                {
                    "start": 487,
                    "end": 497,
                    "text": "(Figure 2)",
                    "ref_id": "FIGREF1"
                }
            ],
            "section": "Distribution of DENV Genotypes"
        },
        {
            "text": "We also found a timeline change in the predominant genotypes. From 1998 to 2007, the dominant genotype in Asia was Cosmopolitan, although India-Pakistan-Sri Lanka and Southeast-Oceania belonged to different lineages (Khan et al., 2013) . The major genotypes in the Indochina countries were different from those of the other Asian countries; genotype FIGURE 4 | A screenshot of the DENV sequence similarity search. An Env sequence derived from an autochthonous case in Japan (LC006123 or gi: 698162713) was used as a sample query. The query was assigned as the Env region of DENV-1 genotype I.",
            "cite_spans": [
                {
                    "start": 216,
                    "end": 235,
                    "text": "(Khan et al., 2013)",
                    "ref_id": "BIBREF8"
                }
            ],
            "ref_spans": [],
            "section": "Distribution of DENV Genotypes"
        },
        {
            "text": "Asian I was predominant in Thailand, whereas genotype Asian American was predominant in Cambodia and Vietnam (Figure 3 and Movie S1). From 2001, Asian I increased in Cambodia and Vietnam until finally in 2007 Asian I became the predominant genotype in Indochina. The genotype Asian I viruses in Thailand seemed to be widely disseminated into Vietnam via Cambodia but did not reach Malaysia and Bangladesh (Figure 2) . Thus, the Asian American genotype was replaced by Asian I in Cambodia and Vietnam between 1998 and 2011. This example also suggests the idea of genotype transition, which probably reflects the mosquito vector habitat and human activities in the Indochinese Peninsula.",
            "cite_spans": [],
            "ref_spans": [
                {
                    "start": 109,
                    "end": 118,
                    "text": "(Figure 3",
                    "ref_id": "FIGREF2"
                },
                {
                    "start": 405,
                    "end": 415,
                    "text": "(Figure 2)",
                    "ref_id": "FIGREF1"
                }
            ],
            "section": "Distribution of DENV Genotypes"
        },
        {
            "text": "DGV currently does not support the prediction of Dengue epidemics, because number of deposited sequence data does not always reflect the actual number of events, in addition, it takes long time to be a public sequence through isolation, sequencing, and publication.",
            "cite_spans": [],
            "ref_spans": [],
            "section": "Distribution of DENV Genotypes"
        },
        {
            "text": "DGV provides a search engine for the assignment of the DENV serotype, genotype, and origin country according to the most homologous sequence on the basis of a blastn search against the DENV database. The search results are shown as text and are also plotted through Google Maps \u00a9 . Subsequently, the query sequence is divided into mature protein regions and displayed with a serotype/genotype assignment. The homology search results and the divided nucleotide sequences in fasta format can be downloaded.",
            "cite_spans": [],
            "ref_spans": [],
            "section": "DENV Sequence Similarity Search"
        },
        {
            "text": "Here, we present an example similarity search for an Env sequence derived from an autochthonous case in Japan (LC006123 or gi: 698162713). DGV assigned the sequence as the Env region of the DENV-1 genotype I and identified homologous sequences from Japan, China, Singapore and Indonesia. These results are consistent with those from a previous study (Figure 4 ; Kutsuna et al., 2015) . ",
            "cite_spans": [
                {
                    "start": 362,
                    "end": 383,
                    "text": "Kutsuna et al., 2015)",
                    "ref_id": "BIBREF11"
                }
            ],
            "ref_spans": [
                {
                    "start": 350,
                    "end": 359,
                    "text": "(Figure 4",
                    "ref_id": null
                }
            ],
            "section": "DENV Sequence Similarity Search"
        },
        {
            "text": "To aid in visualizing the source countries of dengue infection cases imported to Japan, the number of annual imported cases was also mapped on Google Maps \u00a9 . The serotype (but not genotype), year, and visiting country/area are also indicated based on the Infectious Agents Surveillance Report (IASR), which releases monthly data and information obtained from prefectural and municipal public health institutes and quarantine stations to the public (Figure 5 ).",
            "cite_spans": [],
            "ref_spans": [
                {
                    "start": 449,
                    "end": 458,
                    "text": "(Figure 5",
                    "ref_id": "FIGREF3"
                }
            ],
            "section": "Distribution of Entrants Infected with DENV"
        },
        {
            "text": "AY performed the experimental design, participated in the analysis and drafted the manuscript. TS1 implemented the application, performed the data collection, constructed the original genotype database, and participated in the analysis. TS2, KK, and TT reviewed the application and participated in the discussion. MK contributed to the experimental design, performed the analysis and drafted the manuscript. All authors read and approved the final manuscript.",
            "cite_spans": [],
            "ref_spans": [],
            "section": "AUTHOR CONTRIBUTIONS"
        },
        {
            "text": "This work was supported by a grant for Research on Emerging and Re-emerging Infectious Diseases (H25 Shinko-Ippan-015/H26 Shinko-Gyosei-Shitei-002) from the Ministry of Health, Labor and Welfare, Japan, and was also supported by the Research Program on Emerging and Re-emerging Infectious Diseases (15fk0108011h0003 and 15fm0108022h0001) from the Japan Agency for Medical Research and Development, AMED. This work was also partially supported by JSPS KAKENHI Grant Number 15K08488.The funders had no role in the study design, data collection and analysis, decision to publish, or preparation of the manuscript.",
            "cite_spans": [],
            "ref_spans": [],
            "section": "FUNDING"
        },
        {
            "text": "We are grateful to Ms. Inamine from NIID for drawing the DGV icon. We thank Prof. Ikuta and Prof. Yasunaga from BIKEN for allowing us to use the original dataset \"dengue virus genotyping database.\"",
            "cite_spans": [],
            "ref_spans": [],
            "section": "ACKNOWLEDGMENTS"
        },
        {
            "text": "The Supplementary Material for this article can be found online at: http://journal.frontiersin.org/article/10.3389/fmicb.",
            "cite_spans": [],
            "ref_spans": [],
            "section": "SUPPLEMENTARY MATERIAL"
        },
        {
            "text": "Movie S1 | Genotype transition of DENV-2 in Asia from 1986-1990 to 2010-2014. Frontiers in Microbiology | www.frontiersin.org",
            "cite_spans": [
                {
                    "start": 54,
                    "end": 77,
                    "text": "1986-1990 to 2010-2014.",
                    "ref_id": null
                }
            ],
            "ref_spans": [],
            "section": "2016.00875"
        }
    ],
    "bib_entries": {
        "BIBREF0": {
            "ref_id": "b0",
            "title": "Emergence of dengue virus type 4 genotype IIA in Malaysia",
            "authors": [
                {
                    "first": "S",
                    "middle": [],
                    "last": "Abubakar",
                    "suffix": ""
                },
                {
                    "first": "P",
                    "middle": [
                        "F"
                    ],
                    "last": "Wong",
                    "suffix": ""
                },
                {
                    "first": "Chan",
                    "middle": [],
                    "last": "",
                    "suffix": ""
                },
                {
                    "first": "Y",
                    "middle": [
                        "F"
                    ],
                    "last": "",
                    "suffix": ""
                }
            ],
            "year": 2002,
            "venue": "J. Gen. Virol",
            "volume": "83",
            "issn": "",
            "pages": "2437--2442",
            "other_ids": {
                "DOI": [
                    "10.1099/0022-1317-83-10-2437"
                ]
            }
        },
        "BIBREF1": {
            "ref_id": "b1",
            "title": "Circulation of different lineages of dengue virus type 2 in Central America, their evolutionary time-scale and selection pressure analysis",
            "authors": [
                {
                    "first": "G",
                    "middle": [],
                    "last": "Anez",
                    "suffix": ""
                },
                {
                    "first": "M",
                    "middle": [
                        "E"
                    ],
                    "last": "Morales-Betoulle",
                    "suffix": ""
                },
                {
                    "first": "M",
                    "middle": [],
                    "last": "Rios",
                    "suffix": ""
                }
            ],
            "year": 2011,
            "venue": "PLoS ONE",
            "volume": "6",
            "issn": "",
            "pages": "",
            "other_ids": {
                "DOI": [
                    "10.1371/journal.pone.0027459"
                ]
            }
        },
        "BIBREF2": {
            "ref_id": "b2",
            "title": "DENVirDB: a web portal of dengue virus sequence information on Asian isolates",
            "authors": [
                {
                    "first": "M",
                    "middle": [
                        "J"
                    ],
                    "last": "Asnet",
                    "suffix": ""
                },
                {
                    "first": "A",
                    "middle": [
                        "G"
                    ],
                    "last": "Rubia",
                    "suffix": ""
                },
                {
                    "first": "G",
                    "middle": [],
                    "last": "Ramya",
                    "suffix": ""
                },
                {
                    "first": "R",
                    "middle": [
                        "N"
                    ],
                    "last": "Nagalakshmi",
                    "suffix": ""
                },
                {
                    "first": "R",
                    "middle": [],
                    "last": "Shenbagarathai",
                    "suffix": ""
                }
            ],
            "year": 2014,
            "venue": "J. Vector Borne Dis",
            "volume": "51",
            "issn": "",
            "pages": "82--85",
            "other_ids": {}
        },
        "BIBREF3": {
            "ref_id": "b3",
            "title": "Dengue-quo tu et quo vadis? Viruses",
            "authors": [
                {
                    "first": "R",
                    "middle": [],
                    "last": "Chen",
                    "suffix": ""
                },
                {
                    "first": "N",
                    "middle": [],
                    "last": "Vasilakis",
                    "suffix": ""
                }
            ],
            "year": 2011,
            "venue": "",
            "volume": "3",
            "issn": "",
            "pages": "1562--1608",
            "other_ids": {
                "DOI": [
                    "10.3390/v3091562"
                ]
            }
        },
        "BIBREF4": {
            "ref_id": "b4",
            "title": "Viral immune evasion in dengue: toward evidence-based revisions of clinical practice guidelines",
            "authors": [
                {
                    "first": "F",
                    "middle": [],
                    "last": "Chiappelli",
                    "suffix": ""
                },
                {
                    "first": "S",
                    "middle": [
                        "M"
                    ],
                    "last": "Santos",
                    "suffix": ""
                },
                {
                    "first": "X",
                    "middle": [
                        "M"
                    ],
                    "last": "Brant",
                    "suffix": ""
                },
                {
                    "first": "A",
                    "middle": [],
                    "last": "Bakhordarian",
                    "suffix": ""
                },
                {
                    "first": "A",
                    "middle": [
                        "D"
                    ],
                    "last": "Thames",
                    "suffix": ""
                },
                {
                    "first": "C",
                    "middle": [
                        "A"
                    ],
                    "last": "Maida",
                    "suffix": ""
                }
            ],
            "year": 2014,
            "venue": "Bioinformation",
            "volume": "10",
            "issn": "",
            "pages": "726--733",
            "other_ids": {
                "DOI": [
                    "10.6026/97320630010726"
                ]
            }
        },
        "BIBREF5": {
            "ref_id": "b5",
            "title": "Search and clustering orders of magnitude faster than BLAST",
            "authors": [
                {
                    "first": "R",
                    "middle": [
                        "C"
                    ],
                    "last": "Edgar",
                    "suffix": ""
                }
            ],
            "year": 2010,
            "venue": "Bioinformatics",
            "volume": "26",
            "issn": "",
            "pages": "2460--2461",
            "other_ids": {
                "DOI": [
                    "10.1093/bioinformatics/btq461"
                ]
            }
        },
        "BIBREF6": {
            "ref_id": "b6",
            "title": "Diversity and evolution of the envelope gene of dengue virus type 1",
            "authors": [
                {
                    "first": "A",
                    "middle": [
                        "P"
                    ],
                    "last": "Goncalvez",
                    "suffix": ""
                },
                {
                    "first": "A",
                    "middle": [
                        "A"
                    ],
                    "last": "Escalante",
                    "suffix": ""
                },
                {
                    "first": "F",
                    "middle": [
                        "H"
                    ],
                    "last": "Pujol",
                    "suffix": ""
                },
                {
                    "first": "J",
                    "middle": [
                        "E"
                    ],
                    "last": "Ludert",
                    "suffix": ""
                },
                {
                    "first": "D",
                    "middle": [],
                    "last": "Tovar",
                    "suffix": ""
                },
                {
                    "first": "R",
                    "middle": [
                        "A"
                    ],
                    "last": "Salas",
                    "suffix": ""
                }
            ],
            "year": 2002,
            "venue": "Virology",
            "volume": "303",
            "issn": "",
            "pages": "110--119",
            "other_ids": {
                "DOI": [
                    "10.1006/viro.2002.1686"
                ]
            }
        },
        "BIBREF7": {
            "ref_id": "b7",
            "title": "MAFFT: iterative refinement and additional methods",
            "authors": [
                {
                    "first": "K",
                    "middle": [],
                    "last": "Katoh",
                    "suffix": ""
                },
                {
                    "first": "D",
                    "middle": [
                        "M"
                    ],
                    "last": "Standley",
                    "suffix": ""
                }
            ],
            "year": 2014,
            "venue": "Methods Mol. Biol",
            "volume": "1079",
            "issn": "",
            "pages": "131--146",
            "other_ids": {
                "DOI": [
                    "10.1007/978-1-62703-646-7_8"
                ]
            }
        },
        "BIBREF8": {
            "ref_id": "b8",
            "title": "Emergence and diversification of dengue 2 cosmopolitan genotype in Pakistan",
            "authors": [
                {
                    "first": "M",
                    "middle": [
                        "A"
                    ],
                    "last": "Khan",
                    "suffix": ""
                },
                {
                    "first": "E",
                    "middle": [
                        "M"
                    ],
                    "last": "Ellis",
                    "suffix": ""
                },
                {
                    "first": "H",
                    "middle": [
                        "A"
                    ],
                    "last": "Tissera",
                    "suffix": ""
                },
                {
                    "first": "M",
                    "middle": [
                        "Y"
                    ],
                    "last": "Alvi",
                    "suffix": ""
                },
                {
                    "first": "F",
                    "middle": [
                        "F"
                    ],
                    "last": "Rahman",
                    "suffix": ""
                },
                {
                    "first": "F",
                    "middle": [],
                    "last": "Masud",
                    "suffix": ""
                }
            ],
            "year": 2011,
            "venue": "PLoS ONE",
            "volume": "8",
            "issn": "",
            "pages": "",
            "other_ids": {
                "DOI": [
                    "10.1371/journal.pone.0056391"
                ]
            }
        },
        "BIBREF9": {
            "ref_id": "b9",
            "title": "Molecular genotyping of dengue viruses by phylogenetic analysis of the sequences of individual genes",
            "authors": [
                {
                    "first": "C",
                    "middle": [],
                    "last": "Klungthong",
                    "suffix": ""
                },
                {
                    "first": "R",
                    "middle": [],
                    "last": "Putnak",
                    "suffix": ""
                },
                {
                    "first": "M",
                    "middle": [
                        "P"
                    ],
                    "last": "Mammen",
                    "suffix": ""
                },
                {
                    "first": "T",
                    "middle": [],
                    "last": "Li",
                    "suffix": ""
                },
                {
                    "first": "C",
                    "middle": [],
                    "last": "Zhang",
                    "suffix": ""
                }
            ],
            "year": 2008,
            "venue": "J. Virol. Methods",
            "volume": "154",
            "issn": "",
            "pages": "175--181",
            "other_ids": {
                "DOI": [
                    "10.1016/j.jviromet.2008.07.021"
                ]
            }
        },
        "BIBREF10": {
            "ref_id": "b10",
            "title": "Structure of dengue virus: implications for flavivirus organization, maturation, and fusion",
            "authors": [
                {
                    "first": "R",
                    "middle": [
                        "J"
                    ],
                    "last": "Kuhn",
                    "suffix": ""
                },
                {
                    "first": "W",
                    "middle": [],
                    "last": "Zhang",
                    "suffix": ""
                },
                {
                    "first": "M",
                    "middle": [
                        "G"
                    ],
                    "last": "Rossmann",
                    "suffix": ""
                },
                {
                    "first": "S",
                    "middle": [
                        "V"
                    ],
                    "last": "Pletnev",
                    "suffix": ""
                },
                {
                    "first": "J",
                    "middle": [],
                    "last": "Corver",
                    "suffix": ""
                },
                {
                    "first": "E",
                    "middle": [],
                    "last": "Lenches",
                    "suffix": ""
                }
            ],
            "year": 2002,
            "venue": "Cell",
            "volume": "108",
            "issn": "",
            "pages": "717--725",
            "other_ids": {
                "DOI": [
                    "10.1016/S0092-8674(02)00660-8"
                ]
            }
        },
        "BIBREF11": {
            "ref_id": "b11",
            "title": "Autochthonous dengue fever",
            "authors": [
                {
                    "first": "S",
                    "middle": [],
                    "last": "Kutsuna",
                    "suffix": ""
                },
                {
                    "first": "Y",
                    "middle": [],
                    "last": "Kato",
                    "suffix": ""
                },
                {
                    "first": "M",
                    "middle": [
                        "L"
                    ],
                    "last": "Moi",
                    "suffix": ""
                },
                {
                    "first": "A",
                    "middle": [],
                    "last": "Kotaki",
                    "suffix": ""
                },
                {
                    "first": "M",
                    "middle": [],
                    "last": "Ota",
                    "suffix": ""
                },
                {
                    "first": "K",
                    "middle": [],
                    "last": "Shinohara",
                    "suffix": ""
                }
            ],
            "year": 2014,
            "venue": "Emerg. Infect. Dis",
            "volume": "21",
            "issn": "",
            "pages": "517--520",
            "other_ids": {
                "DOI": [
                    "10.3201/eid2103.141662"
                ]
            }
        },
        "BIBREF12": {
            "ref_id": "b12",
            "title": "Rapid detection and typing of dengue viruses from clinical samples by using reverse transcriptase-polymerase chain reaction",
            "authors": [
                {
                    "first": "R",
                    "middle": [
                        "S"
                    ],
                    "last": "Lanciotti",
                    "suffix": ""
                },
                {
                    "first": "C",
                    "middle": [
                        "H"
                    ],
                    "last": "Calisher",
                    "suffix": ""
                },
                {
                    "first": "D",
                    "middle": [
                        "J"
                    ],
                    "last": "Gubler",
                    "suffix": ""
                },
                {
                    "first": "G",
                    "middle": [
                        "J"
                    ],
                    "last": "Chang",
                    "suffix": ""
                },
                {
                    "first": "A",
                    "middle": [
                        "V"
                    ],
                    "last": "Vorndam",
                    "suffix": ""
                }
            ],
            "year": 1992,
            "venue": "J. Clin. Microbiol",
            "volume": "30",
            "issn": "",
            "pages": "545--551",
            "other_ids": {}
        },
        "BIBREF13": {
            "ref_id": "b13",
            "title": "Molecular evolution and epidemiology of dengue-3 viruses",
            "authors": [
                {
                    "first": "R",
                    "middle": [
                        "S"
                    ],
                    "last": "Lanciotti",
                    "suffix": ""
                },
                {
                    "first": "J",
                    "middle": [
                        "G"
                    ],
                    "last": "Lewis",
                    "suffix": ""
                },
                {
                    "first": "D",
                    "middle": [
                        "J"
                    ],
                    "last": "Gubler",
                    "suffix": ""
                },
                {
                    "first": "D",
                    "middle": [
                        "W"
                    ],
                    "last": "Trent",
                    "suffix": ""
                }
            ],
            "year": 1994,
            "venue": "J. Gen. Virol",
            "volume": "75",
            "issn": "",
            "pages": "65--75",
            "other_ids": {
                "DOI": [
                    "10.1099/0022-1317-75-1-65"
                ]
            }
        },
        "BIBREF14": {
            "ref_id": "b14",
            "title": "Epidemiology of dengue: past, present and future prospects",
            "authors": [
                {
                    "first": "N",
                    "middle": [
                        "E"
                    ],
                    "last": "Murray",
                    "suffix": ""
                },
                {
                    "first": "M",
                    "middle": [
                        "B"
                    ],
                    "last": "Quam",
                    "suffix": ""
                },
                {
                    "first": "A",
                    "middle": [],
                    "last": "Wilder-Smith",
                    "suffix": ""
                }
            ],
            "year": 2013,
            "venue": "Clin. Epidemiol",
            "volume": "5",
            "issn": "",
            "pages": "299--309",
            "other_ids": {
                "DOI": [
                    "10.2147/CLEP.S34440"
                ]
            }
        },
        "BIBREF15": {
            "ref_id": "b15",
            "title": "Virus pathogen database and analysis resource (ViPR): a comprehensive bioinformatics database and analysis resource for the coronavirus research community",
            "authors": [
                {
                    "first": "B",
                    "middle": [
                        "E"
                    ],
                    "last": "Pickett",
                    "suffix": ""
                },
                {
                    "first": "D",
                    "middle": [
                        "S"
                    ],
                    "last": "Greer",
                    "suffix": ""
                },
                {
                    "first": "Y",
                    "middle": [],
                    "last": "Zhang",
                    "suffix": ""
                },
                {
                    "first": "L",
                    "middle": [],
                    "last": "Stewart",
                    "suffix": ""
                },
                {
                    "first": "L",
                    "middle": [],
                    "last": "Zhou",
                    "suffix": ""
                },
                {
                    "first": "G",
                    "middle": [],
                    "last": "Sun",
                    "suffix": ""
                }
            ],
            "year": 2012,
            "venue": "Viruses",
            "volume": "4",
            "issn": "",
            "pages": "3209--3226",
            "other_ids": {
                "DOI": [
                    "10.3390/v4113209"
                ]
            }
        },
        "BIBREF16": {
            "ref_id": "b16",
            "title": "Virus variation resources at the National Center for Biotechnology Information: dengue virus",
            "authors": [
                {
                    "first": "W",
                    "middle": [],
                    "last": "Resch",
                    "suffix": ""
                },
                {
                    "first": "L",
                    "middle": [],
                    "last": "Zaslavsky",
                    "suffix": ""
                },
                {
                    "first": "B",
                    "middle": [],
                    "last": "Kiryutin",
                    "suffix": ""
                },
                {
                    "first": "M",
                    "middle": [],
                    "last": "Rozanov",
                    "suffix": ""
                },
                {
                    "first": "Y",
                    "middle": [],
                    "last": "Bao",
                    "suffix": ""
                },
                {
                    "first": "T",
                    "middle": [
                        "A"
                    ],
                    "last": "Tatusova",
                    "suffix": ""
                }
            ],
            "year": 2009,
            "venue": "BMC Microbiol",
            "volume": "9",
            "issn": "",
            "pages": "",
            "other_ids": {
                "DOI": [
                    "10.1186/1471-2180-9-65"
                ]
            }
        },
        "BIBREF17": {
            "ref_id": "b17",
            "title": "Reemergence and decline of dengue virus serotype 3 in Puerto Rico",
            "authors": [
                {
                    "first": "G",
                    "middle": [
                        "A"
                    ],
                    "last": "Santiago",
                    "suffix": ""
                },
                {
                    "first": "K",
                    "middle": [],
                    "last": "Mcelroy-Horne",
                    "suffix": ""
                },
                {
                    "first": "N",
                    "middle": [
                        "J"
                    ],
                    "last": "Lennon",
                    "suffix": ""
                },
                {
                    "first": "L",
                    "middle": [
                        "M"
                    ],
                    "last": "Santiago",
                    "suffix": ""
                },
                {
                    "first": "B",
                    "middle": [
                        "W"
                    ],
                    "last": "Birren",
                    "suffix": ""
                },
                {
                    "first": "M",
                    "middle": [
                        "R"
                    ],
                    "last": "Henn",
                    "suffix": ""
                }
            ],
            "year": 2012,
            "venue": "J. Infect. Dis",
            "volume": "206",
            "issn": "",
            "pages": "893--901",
            "other_ids": {
                "DOI": [
                    "10.1093/infdis/jis426"
                ]
            }
        },
        "BIBREF18": {
            "ref_id": "b18",
            "title": "MEGA5: molecular evolutionary genetics analysis using maximum likelihood, evolutionary distance, and maximum parsimony methods",
            "authors": [
                {
                    "first": "K",
                    "middle": [],
                    "last": "Tamura",
                    "suffix": ""
                },
                {
                    "first": "D",
                    "middle": [],
                    "last": "Peterson",
                    "suffix": ""
                },
                {
                    "first": "N",
                    "middle": [],
                    "last": "Peterson",
                    "suffix": ""
                },
                {
                    "first": "G",
                    "middle": [],
                    "last": "Stecher",
                    "suffix": ""
                },
                {
                    "first": "M",
                    "middle": [],
                    "last": "Nei",
                    "suffix": ""
                },
                {
                    "first": "S",
                    "middle": [],
                    "last": "Kumar",
                    "suffix": ""
                }
            ],
            "year": 2011,
            "venue": "Mol. Biol. Evol",
            "volume": "28",
            "issn": "",
            "pages": "2731--2739",
            "other_ids": {
                "DOI": [
                    "10.1093/molbev/msr121"
                ]
            }
        },
        "BIBREF19": {
            "ref_id": "b19",
            "title": "Extinction and rapid emergence of strains of dengue 3 virus during an interepidemic period",
            "authors": [
                {
                    "first": "V",
                    "middle": [],
                    "last": "Wittke",
                    "suffix": ""
                },
                {
                    "first": "T",
                    "middle": [
                        "E"
                    ],
                    "last": "Robb",
                    "suffix": ""
                },
                {
                    "first": "H",
                    "middle": [
                        "M"
                    ],
                    "last": "Thu",
                    "suffix": ""
                },
                {
                    "first": "A",
                    "middle": [],
                    "last": "Nisalak",
                    "suffix": ""
                },
                {
                    "first": "S",
                    "middle": [],
                    "last": "Nimmannitya",
                    "suffix": ""
                },
                {
                    "first": "S",
                    "middle": [],
                    "last": "Kalayanrooj",
                    "suffix": ""
                }
            ],
            "year": 2002,
            "venue": "Virology",
            "volume": "301",
            "issn": "",
            "pages": "148--156",
            "other_ids": {
                "DOI": [
                    "10.1006/viro.2002.1549"
                ]
            }
        },
        "BIBREF20": {
            "ref_id": "b20",
            "title": "Origin and distribution of divergent dengue virus: novel database construction and phylogenetic analyses",
            "authors": [
                {
                    "first": "A",
                    "middle": [],
                    "last": "Yamashita",
                    "suffix": ""
                },
                {
                    "first": "T",
                    "middle": [],
                    "last": "Sasaki",
                    "suffix": ""
                },
                {
                    "first": "T",
                    "middle": [],
                    "last": "Kurosu",
                    "suffix": ""
                },
                {
                    "first": "T",
                    "middle": [],
                    "last": "Yasunaga",
                    "suffix": ""
                },
                {
                    "first": "K",
                    "middle": [],
                    "last": "Ikuta",
                    "suffix": ""
                }
            ],
            "year": 2013,
            "venue": "Future Virol",
            "volume": "8",
            "issn": "",
            "pages": "1061--1083",
            "other_ids": {
                "DOI": [
                    "10.2217/fvl.13.99"
                ]
            }
        }
    },
    "ref_entries": {
        "FIGREF0": {
            "text": "Overview of DGV for serotype distribution for all DENV (A) and genotype distribution for each serotype (B) in 2000-2014.",
            "latex": null,
            "type": "figure"
        },
        "FIGREF1": {
            "text": "Genotype distribution for each DENV serotype in Asia in 2000-2014. Possible borderline of genotype distribution in each serotype is shown as dash line.",
            "latex": null,
            "type": "figure"
        },
        "FIGREF2": {
            "text": "Genotype distribution of DENV-2 in Indochina from 1998 to 2011. The movie of the genotype distribution in 1986-2014 can be downloaded as Movie S1.",
            "latex": null,
            "type": "figure"
        },
        "FIGREF3": {
            "text": "A screenshot of the distribution of entrants infected with DENV, which shows the cumulative number of infected entrants from 2014 to 2015 based on the IASR.",
            "latex": null,
            "type": "figure"
        },
        "TABREF0": {
            "text": "Number of DENV records (March 4, 2016).",
            "latex": null,
            "type": "table"
        }
    },
    "back_matter": []
}