{
    "paper_id": "914c8d326beaccabd37199a9903b27fa7f9b0586",
    "metadata": {
        "title": "Pseudoknots: RNA Structures with Diverse Functions",
        "authors": [
            {
                "first": "David",
                "middle": [
                    "W"
                ],
                "last": "Staple",
                "suffix": "",
                "affiliation": {
                    "laboratory": "",
                    "institution": "University of Wisconsin-Madison",
                    "location": {
                        "settlement": "Madison",
                        "region": "Wisconsin"
                    }
                },
                "email": ""
            },
            {
                "first": "Samuel",
                "middle": [
                    "E"
                ],
                "last": "Butcher",
                "suffix": "",
                "affiliation": {
                    "laboratory": "",
                    "institution": "University of Wisconsin-Madison",
                    "location": {
                        "settlement": "Madison",
                        "region": "Wisconsin"
                    }
                },
                "email": "butcher@nmrfam.wisc.edu"
            }
        ]
    },
    "abstract": [
        {
            "text": "PLoS Biology | www.plosbiology.org 0956 R NA molecules fulfi ll a diverse set of biological functions within cells, from the transfer of genetic information from DNA to protein, to enzymatic catalysis. Refl ecting this range of roles, simple linear strings of RNA-made up of uracil, guanine, cytosine, and adenine-form a variety of complex three-dimensional structures. Just as proteins form distinct structural motifs such as zinc fi ngers and beta barrels, certain structures are also commonly adopted by RNA molecules. Among the most prevalent RNA structures is a motif known as the pseudoknot. First recognized in the turnip yellow mosaic virus [1], a pseudoknot is an RNA structure that is minimally composed of two helical segments connected by single-stranded regions or loops ( Figure 1 ). Although several distinct folding topologies of pseudoknots exist, the best characterized is the H type. In the H-type fold, the bases in the loop of a hairpin form intramolecular pairs with bases outside of the stem ( Figure 1A and 1B). This causes the formation of a second stem and loop, resulting in a pseudoknot with two stems and two loops ( Figure 1C ). The two stems are able to stack on top of each other to form a quasi-continuous helix with one continuous and one discontinuous strand. The singlestranded loop regions often interact with the adjacent stems (loop 1-stem 2 or loop 2-stem 1) to form hydrogen bonds and to participate in the overall structure of the molecule. Hence, this relatively simple fold can yield very complex and stable RNA structures. Due to variation of the lengths of the loops and stems, as well as the types of interactions between them, pseudoknots represent a structurally diverse group. It is fi tting that they play a variety of diverse roles in biology. These roles include forming the catalytic core of various ribozymes [2,3], self-splicing introns [4], and telomerase [5] . Additionally, pseudoknots play critical roles in altering gene expression by inducing ribosomal frameshifting in many viruses [6-9].",
            "cite_spans": [
                {
                    "start": 1913,
                    "end": 1916,
                    "text": "[5]",
                    "ref_id": "BIBREF4"
                }
            ],
            "ref_spans": [
                {
                    "start": 786,
                    "end": 794,
                    "text": "Figure 1",
                    "ref_id": null
                },
                {
                    "start": 1017,
                    "end": 1026,
                    "text": "Figure 1A",
                    "ref_id": null
                },
                {
                    "start": 1146,
                    "end": 1155,
                    "text": "Figure 1C",
                    "ref_id": null
                }
            ],
            "section": "Abstract"
        },
        {
            "text": "Catalytically Active Pseudoknots",
            "cite_spans": [],
            "ref_spans": [],
            "section": "Abstract"
        },
        {
            "text": "is generally more severe than a hepatitis B virus infection alone [10] . HDV has a circular genome that is replicated by the host RNA polymerase II through a double-rolling-circle mechanism. This mechanism produces long strands of RNA that must be processed into unit lengths for viral replication. The processing of the viral RNA is achieved by the selfcleaving HDV ribozyme encoded in the RNA [11] . The HDV ribozyme folds into a double-pseudoknot conformation and self-cleaves, producing single-genome-length HDV RNAs. The HDV ribozyme is the fastest-known naturally occurring self-cleaving ribozyme, with a cleavage rate greater than one per second, and is active in vitro in the absence of any proteins [12] . The HDV ribozyme consists of fi ve helical segments that form two coaxial stacks of two (stems P2 and P3) and three (stems P1, P1.1, and P4) helices each ( Figure 2A ) [3, 13] . Two pseudoknots are formed, each with one helix from each coaxial stack (stems P1 and P2, and stems P3 and P1.1). These two pseudoknots stack on top of each other, forming a nested double-pseudoknot conformation [13] .",
            "cite_spans": [
                {
                    "start": 66,
                    "end": 70,
                    "text": "[10]",
                    "ref_id": "BIBREF9"
                },
                {
                    "start": 395,
                    "end": 399,
                    "text": "[11]",
                    "ref_id": "BIBREF10"
                },
                {
                    "start": 708,
                    "end": 712,
                    "text": "[12]",
                    "ref_id": "BIBREF11"
                },
                {
                    "start": 883,
                    "end": 886,
                    "text": "[3,",
                    "ref_id": "BIBREF2"
                },
                {
                    "start": 887,
                    "end": 890,
                    "text": "13]",
                    "ref_id": "BIBREF12"
                },
                {
                    "start": 1105,
                    "end": 1109,
                    "text": "[13]",
                    "ref_id": "BIBREF12"
                }
            ],
            "ref_spans": [
                {
                    "start": 871,
                    "end": 880,
                    "text": "Figure 2A",
                    "ref_id": null
                }
            ],
            "section": "Abstract"
        },
        {
            "text": "The removal of introns from pre-messenger RNA (pre-mRNA) is fundamentally important for eukaryotic life. Most introns are removed by a ribonucleoprotein complex called the spliceosome. A subset of introns are self-cleaving, catalyzing their own removal from pre-mRNA without the aid of proteins [14] . One such class of introns are the group I",
            "cite_spans": [
                {
                    "start": 295,
                    "end": 299,
                    "text": "[14]",
                    "ref_id": "BIBREF13"
                }
            ],
            "ref_spans": [],
            "section": "Abstract"
        },
        {
            "text": "Primer",
            "cite_spans": [],
            "ref_spans": [],
            "section": "Abstract"
        },
        {
            "text": "June 2005 | Volume 3 | Issue 6 | e213",
            "cite_spans": [],
            "ref_spans": [],
            "section": "Abstract"
        },
        {
            "text": "Primers provide a concise introduction into an important aspect of biology highlighted by a current PLoS Biology research article.",
            "cite_spans": [],
            "ref_spans": [],
            "section": "Abstract"
        }
    ],
    "body_text": [
        {
            "text": "R NA molecules fulfi ll a diverse set of biological functions within cells, from the transfer of genetic information from DNA to protein, to enzymatic catalysis. Refl ecting this range of roles, simple linear strings of RNA-made up of uracil, guanine, cytosine, and adenine-form a variety of complex three-dimensional structures. Just as proteins form distinct structural motifs such as zinc fi ngers and beta barrels, certain structures are also commonly adopted by RNA molecules. Among the most prevalent RNA structures is a motif known as the pseudoknot. First recognized in the turnip yellow mosaic virus [1] , a pseudoknot is an RNA structure that is minimally composed of two helical segments connected by single-stranded regions or loops ( Figure 1 ). Although several distinct folding topologies of pseudoknots exist, the best characterized is the H type. In the H-type fold, the bases in the loop of a hairpin form intramolecular pairs with bases outside of the stem ( Figure 1A and 1B) . This causes the formation of a second stem and loop, resulting in a pseudoknot with two stems and two loops ( Figure 1C ). The two stems are able to stack on top of each other to form a quasi-continuous helix with one continuous and one discontinuous strand. The singlestranded loop regions often interact with the adjacent stems (loop 1-stem 2 or loop 2-stem 1) to form hydrogen bonds and to participate in the overall structure of the molecule. Hence, this relatively simple fold can yield very complex and stable RNA structures. Due to variation of the lengths of the loops and stems, as well as the types of interactions between them, pseudoknots represent a structurally diverse group. It is fi tting that they play a variety of diverse roles in biology. These roles include forming the catalytic core of various ribozymes [2, 3] , self-splicing introns [4] , and telomerase [5] . Additionally, pseudoknots play critical roles in altering gene expression by inducing ribosomal frameshifting in many viruses [6] [7] [8] [9] .",
            "cite_spans": [
                {
                    "start": 609,
                    "end": 612,
                    "text": "[1]",
                    "ref_id": "BIBREF0"
                },
                {
                    "start": 1826,
                    "end": 1829,
                    "text": "[2,",
                    "ref_id": "BIBREF1"
                },
                {
                    "start": 1830,
                    "end": 1832,
                    "text": "3]",
                    "ref_id": "BIBREF2"
                },
                {
                    "start": 1857,
                    "end": 1860,
                    "text": "[4]",
                    "ref_id": "BIBREF3"
                },
                {
                    "start": 1878,
                    "end": 1881,
                    "text": "[5]",
                    "ref_id": "BIBREF4"
                },
                {
                    "start": 2010,
                    "end": 2013,
                    "text": "[6]",
                    "ref_id": "BIBREF5"
                },
                {
                    "start": 2014,
                    "end": 2017,
                    "text": "[7]",
                    "ref_id": "BIBREF6"
                },
                {
                    "start": 2018,
                    "end": 2021,
                    "text": "[8]",
                    "ref_id": "BIBREF7"
                },
                {
                    "start": 2022,
                    "end": 2025,
                    "text": "[9]",
                    "ref_id": "BIBREF8"
                }
            ],
            "ref_spans": [
                {
                    "start": 747,
                    "end": 755,
                    "text": "Figure 1",
                    "ref_id": "FIGREF0"
                },
                {
                    "start": 978,
                    "end": 995,
                    "text": "Figure 1A and 1B)",
                    "ref_id": "FIGREF0"
                },
                {
                    "start": 1108,
                    "end": 1117,
                    "text": "Figure 1C",
                    "ref_id": "FIGREF0"
                }
            ],
            "section": ""
        },
        {
            "text": "Hepatitis delta virus (HDV) is a satellite virus of hepatitis B virus. Infection of humans by both HDV and hepatitis B virus is generally more severe than a hepatitis B virus infection alone [10] . HDV has a circular genome that is replicated by the host RNA polymerase II through a double-rolling-circle mechanism. This mechanism produces long strands of RNA that must be processed into unit lengths for viral replication. The processing of the viral RNA is achieved by the selfcleaving HDV ribozyme encoded in the RNA [11] . The HDV ribozyme folds into a double-pseudoknot conformation and self-cleaves, producing single-genome-length HDV RNAs. The HDV ribozyme is the fastest-known naturally occurring self-cleaving ribozyme, with a cleavage rate greater than one per second, and is active in vitro in the absence of any proteins [12] . The HDV ribozyme consists of fi ve helical segments that form two coaxial stacks of two (stems P2 and P3) and three (stems P1, P1.1, and P4) helices each ( Figure 2A ) [3, 13] . Two pseudoknots are formed, each with one helix from each coaxial stack (stems P1 and P2, and stems P3 and P1.1). These two pseudoknots stack on top of each other, forming a nested double-pseudoknot conformation [13] .",
            "cite_spans": [
                {
                    "start": 191,
                    "end": 195,
                    "text": "[10]",
                    "ref_id": "BIBREF9"
                },
                {
                    "start": 520,
                    "end": 524,
                    "text": "[11]",
                    "ref_id": "BIBREF10"
                },
                {
                    "start": 833,
                    "end": 837,
                    "text": "[12]",
                    "ref_id": "BIBREF11"
                },
                {
                    "start": 1008,
                    "end": 1011,
                    "text": "[3,",
                    "ref_id": "BIBREF2"
                },
                {
                    "start": 1012,
                    "end": 1015,
                    "text": "13]",
                    "ref_id": "BIBREF12"
                },
                {
                    "start": 1230,
                    "end": 1234,
                    "text": "[13]",
                    "ref_id": "BIBREF12"
                }
            ],
            "ref_spans": [
                {
                    "start": 996,
                    "end": 1005,
                    "text": "Figure 2A",
                    "ref_id": "FIGREF2"
                }
            ],
            "section": "Catalytically Active Pseudoknots"
        },
        {
            "text": "The removal of introns from pre-messenger RNA (pre-mRNA) is fundamentally important for eukaryotic life. Most introns are removed by a ribonucleoprotein complex called the spliceosome. A subset of introns are self-cleaving, catalyzing their own removal from pre-mRNA without the aid of proteins [14] . One such class of introns are the group I self-splicing introns, with the most well-studied example being from the ciliate Tetrahymena. The structure of this ribozyme is made up of three helical domains, with many tertiary contacts between the domains [15] . The only portion of the RNA that spans all three helical domains is a pseudoknot belt that wraps around the molecule, base-pairing with all three helices [15] . The pseudoknot establishes the catalytic core of the group I self-splicing introns.",
            "cite_spans": [
                {
                    "start": 295,
                    "end": 299,
                    "text": "[14]",
                    "ref_id": "BIBREF13"
                },
                {
                    "start": 554,
                    "end": 558,
                    "text": "[15]",
                    "ref_id": "BIBREF14"
                },
                {
                    "start": 715,
                    "end": 719,
                    "text": "[15]",
                    "ref_id": "BIBREF14"
                }
            ],
            "ref_spans": [],
            "section": "Catalytically Active Pseudoknots"
        },
        {
            "text": "Naturally occurring ribozymes appear to perform mainly hydrolysis and transesterifi cation reactions [16] ; however, in vitro selection has yielded RNAs capable of performing a wide variety of enzymatic reactions [17] . Recently the structure of an RNA capable of catalyzing carbon-carbon bond formation by the Diels-Alder reaction was solved ( Figure 2B ) [18] . The RNA adopts a \u03bb-shaped fold of its three helices in which stems 2 and 3 stack coaxially, with stem 1 abutting the active site, forming a pocket precisely complementary to the reaction product. The 5\u2032 end of the RNA bridges helical stems 3 and 1, generating a complex nested pseudoknot topology. Although conformationally distinct from the HDV ribozyme [3] , it is worthwhile to note that they are two of the fastest-known ribozymes, and both utilize a nested pseudoknot architecture [18] .",
            "cite_spans": [
                {
                    "start": 101,
                    "end": 105,
                    "text": "[16]",
                    "ref_id": "BIBREF15"
                },
                {
                    "start": 213,
                    "end": 217,
                    "text": "[17]",
                    "ref_id": "BIBREF16"
                },
                {
                    "start": 357,
                    "end": 361,
                    "text": "[18]",
                    "ref_id": "BIBREF17"
                },
                {
                    "start": 719,
                    "end": 722,
                    "text": "[3]",
                    "ref_id": "BIBREF2"
                },
                {
                    "start": 850,
                    "end": 854,
                    "text": "[18]",
                    "ref_id": "BIBREF17"
                }
            ],
            "ref_spans": [
                {
                    "start": 345,
                    "end": 354,
                    "text": "Figure 2B",
                    "ref_id": "FIGREF2"
                }
            ],
            "section": "Catalytically Active Pseudoknots"
        },
        {
            "text": "Chromosomes possess protective ends known as telomeres to protect themselves from degradation due to successive rounds of DNA synthesis. Telomerase, the ribonucleoprotein complex responsible for the maintenance of the telomere ends [19] , is upregulated in most cancers [20] and might play a role in aging [21] . Human telomerase is made up of a 451-nucleotide RNA, a reverse transcriptase, and other proteins [22] . At the 5\u2032 end of the RNA is a highly conserved pseudoknot, required for activity, which lies at the core of telomerase. The structure of the human telomerase pseudoknot reveals a classic H-type pseudoknot fold with a slight bend between the stems ( Figure 2C ) [5] . A triple-helix structure fl anks the junction of the helices and extends into each stem. Mutations within the telomerase pseudoknot have been directly linked to the diseases autosomal dyskeratosis congenita [21] and aplastic anemia [23] .",
            "cite_spans": [
                {
                    "start": 232,
                    "end": 236,
                    "text": "[19]",
                    "ref_id": "BIBREF18"
                },
                {
                    "start": 270,
                    "end": 274,
                    "text": "[20]",
                    "ref_id": "BIBREF19"
                },
                {
                    "start": 306,
                    "end": 310,
                    "text": "[21]",
                    "ref_id": "BIBREF20"
                },
                {
                    "start": 410,
                    "end": 414,
                    "text": "[22]",
                    "ref_id": "BIBREF21"
                },
                {
                    "start": 678,
                    "end": 681,
                    "text": "[5]",
                    "ref_id": "BIBREF4"
                },
                {
                    "start": 891,
                    "end": 895,
                    "text": "[21]",
                    "ref_id": "BIBREF20"
                },
                {
                    "start": 916,
                    "end": 920,
                    "text": "[23]",
                    "ref_id": "BIBREF22"
                }
            ],
            "ref_spans": [
                {
                    "start": 666,
                    "end": 675,
                    "text": "Figure 2C",
                    "ref_id": "FIGREF2"
                }
            ],
            "section": "Catalytically Active Pseudoknots"
        },
        {
            "text": "Not all pseudoknots with biological functions are catalytically active. In fact, one of the most common functions of pseudoknots is to induce ribosomes to slip into alternative reading frames, otherwise known as frameshifting. Ribosomes typically translate mRNA without shifting the translational reading frame [24] . However, a number of organisms have evolved mechanisms to cause site-specifi c or programmed frameshifting of the ribosome in either the +1 or \u22121 direction [25] . Programmed \u22121 ribosomal frameshifting is typically found in viruses and is required for the replication and proliferation of all retroviruses. Therefore, the pseudoknot structures involved in frameshifting are attractive targets for the development of antiviral drugs. The frameshift event is induced by two RNA elements within the mRNA: (i) a heptanucleotide slippery sequence X XXY YYZ (spaced triplets represent preframeshift codons) and (ii) a downstream RNA structure, typically a pseudoknot [26] . The mechanism behind how these elements promote \u22121 frameshifting is not fully understood. The current model posits that the ribosome encounters the downstream pseudoknot while the slippery sequence is being decoded by the ribosome. The pseudoknot structure likely causes the ribosome to pause, which is necessary but not suffi cient for frameshifting to occur [27] . While paused on the slippery sequence, the ribosome slips back one nucleotide and subsequently continues translation in the \u22121 reading frame.",
            "cite_spans": [
                {
                    "start": 311,
                    "end": 315,
                    "text": "[24]",
                    "ref_id": "BIBREF23"
                },
                {
                    "start": 474,
                    "end": 478,
                    "text": "[25]",
                    "ref_id": "BIBREF24"
                },
                {
                    "start": 978,
                    "end": 982,
                    "text": "[26]",
                    "ref_id": "BIBREF25"
                },
                {
                    "start": 1345,
                    "end": 1349,
                    "text": "[27]",
                    "ref_id": "BIBREF26"
                }
            ],
            "ref_spans": [],
            "section": "Frameshift-Inducing Pseudoknots"
        },
        {
            "text": "The nuclear magnetic resonance (NMR) structure of the mouse mammary tumor virus (MMTV) frameshift-inducing pseudoknot was the fi rst structure of a frameshift-inducing pseudoknot ( Figure 2D ) [6] . The MMTV pseudoknot forms a compact structure of two guanine/cytosine-rich A-form helices. The MMTV pseudoknot has a bend of approximately 60\u00ba between the two helices, caused by an unpaired adenine that intercalates between the helices and may act as a hinge. Subsequent structural and functional studies of several variants of the MMTV pseudoknot reveal that the intercalated nucleotide and the resulting bend between stems 1 and 2 are required for effi cient frameshifting [28] .",
            "cite_spans": [
                {
                    "start": 193,
                    "end": 196,
                    "text": "[6]",
                    "ref_id": "BIBREF5"
                },
                {
                    "start": 674,
                    "end": 678,
                    "text": "[28]",
                    "ref_id": "BIBREF27"
                }
            ],
            "ref_spans": [
                {
                    "start": 181,
                    "end": 190,
                    "text": "Figure 2D",
                    "ref_id": "FIGREF2"
                }
            ],
            "section": "Frameshift-Inducing Pseudoknots"
        },
        {
            "text": "In beet western yellow virus, pea enation mosaic virus, and other luteoviruses, an RNA pseudoknot also stimulates a \u22121 frameshift between the P1 and P2 genes [29] . These structures, solved by X-ray crystallography and NMR, respectively, revealed compact H-type pseudoknots with extensive loop-stem interactions ( Figure 2E) [7, 9] . Like that of MMTV, frameshiftinducing pseudoknots in both the beet western yellow virus and pea enation mosaic virus have an unpaired nucleotide at the junction of the stems; however, this nucleotide is displaced from the helix, not intercalated as in MMTV.",
            "cite_spans": [
                {
                    "start": 158,
                    "end": 162,
                    "text": "[29]",
                    "ref_id": "BIBREF28"
                },
                {
                    "start": 325,
                    "end": 328,
                    "text": "[7,",
                    "ref_id": "BIBREF6"
                },
                {
                    "start": 329,
                    "end": 331,
                    "text": "9]",
                    "ref_id": "BIBREF8"
                }
            ],
            "ref_spans": [
                {
                    "start": 314,
                    "end": 324,
                    "text": "Figure 2E)",
                    "ref_id": "FIGREF2"
                }
            ],
            "section": "Frameshift-Inducing Pseudoknots"
        },
        {
            "text": "The frameshift-inducing pseudoknot from simian retrovirus 1 contains a number of unique features ( Figure 2F ) [8] . Although predicted to resemble that of MMTV, with an unpaired adenine between the helices, the structure revealed the formation of a uracil-adenine pair at the junction, allowing the two stems to stack directly on top of each other ( Figure 2F ) [8] . The simian retrovirus 1 pseudoknot forms an extensive loop 2-stem 1 triplex, which contains a ribose zipper motif in addition to base-base and base-sugar interactions [8] .",
            "cite_spans": [
                {
                    "start": 111,
                    "end": 114,
                    "text": "[8]",
                    "ref_id": "BIBREF7"
                },
                {
                    "start": 363,
                    "end": 366,
                    "text": "[8]",
                    "ref_id": "BIBREF7"
                },
                {
                    "start": 536,
                    "end": 539,
                    "text": "[8]",
                    "ref_id": "BIBREF7"
                }
            ],
            "ref_spans": [
                {
                    "start": 99,
                    "end": 108,
                    "text": "Figure 2F",
                    "ref_id": "FIGREF2"
                },
                {
                    "start": 351,
                    "end": 360,
                    "text": "Figure 2F",
                    "ref_id": "FIGREF2"
                }
            ],
            "section": "Frameshift-Inducing Pseudoknots"
        },
        {
            "text": "The severe acute respiratory syndrome coronavirus (SARS-CoV) genome contains two large genes, ORF 1a and ORF 1b, separated by a programmed \u22121 frameshift element required for ORF 1b expression [30] . Recent work has suggested that the SARS-CoV frameshift-inducing pseudoknot may be unique because it contains a third stem-loop [31, 32] . In this issue of PLoS Biology, bioinformatic, phylogenetic, and structural evidence is reported indicating that the SARS-CoV pseudoknot is indeed a three-stemmed RNA pseudoknot (see Figure 1D ) [33] . Dinman and co-workers report the potential for the formation of this three-stemmed pseudoknot in all coronaviruses in the GenBank database. NMR experiments confi rmed the proposed three-stemmed pseudoknot structure in SARS-CoV. Although the atomic-resolution structure has not yet been determined, this study identifi es a new secondary structure capable of promoting frameshifting that is structurally distinct from previously described pseudoknots (see Figure 1D ).",
            "cite_spans": [
                {
                    "start": 192,
                    "end": 196,
                    "text": "[30]",
                    "ref_id": "BIBREF29"
                },
                {
                    "start": 326,
                    "end": 330,
                    "text": "[31,",
                    "ref_id": "BIBREF30"
                },
                {
                    "start": 331,
                    "end": 334,
                    "text": "32]",
                    "ref_id": "BIBREF31"
                },
                {
                    "start": 531,
                    "end": 535,
                    "text": "[33]",
                    "ref_id": "BIBREF32"
                }
            ],
            "ref_spans": [
                {
                    "start": 519,
                    "end": 528,
                    "text": "Figure 1D",
                    "ref_id": "FIGREF0"
                },
                {
                    "start": 993,
                    "end": 1002,
                    "text": "Figure 1D",
                    "ref_id": "FIGREF0"
                }
            ],
            "section": "Frameshift-Inducing Pseudoknots"
        },
        {
            "text": "RNA pseudoknots have been identifi ed in nearly every organism and comprise functional domains within ribozymes, self-splicing introns, ribonucleoprotein complexes, viral genomes, and many other biological systems. It is clear that the pseudoknot topology can result in many different, complex structures. The pseudoknot, therefore, represents an important piece of RNA architecture, as it provides a means for a single RNA strand to fold upon itself to produce a globular structure capable of performing important biological functions.",
            "cite_spans": [],
            "ref_spans": [],
            "section": "Frameshift-Inducing Pseudoknots"
        }
    ],
    "bib_entries": {
        "BIBREF0": {
            "ref_id": "b0",
            "title": "The tRNA-like structure at the 3\u2032 terminus of turnip yellow mosaic virus RNA. Differences and similarities with canonical tRNA",
            "authors": [
                {
                    "first": "K",
                    "middle": [],
                    "last": "Rietveld",
                    "suffix": ""
                },
                {
                    "first": "R",
                    "middle": [],
                    "last": "Van Poelgeest",
                    "suffix": ""
                },
                {
                    "first": "C",
                    "middle": [
                        "W"
                    ],
                    "last": "Pleij",
                    "suffix": ""
                },
                {
                    "first": "J",
                    "middle": [
                        "H"
                    ],
                    "last": "Van Boom",
                    "suffix": ""
                },
                {
                    "first": "L",
                    "middle": [],
                    "last": "Bosch",
                    "suffix": ""
                }
            ],
            "year": 1982,
            "venue": "Nucleic Acids Res",
            "volume": "10",
            "issn": "",
            "pages": "1929--1946",
            "other_ids": {}
        },
        "BIBREF1": {
            "ref_id": "b1",
            "title": "A long-range pseudoknot is required for activity of the Neurospora VS ribozyme",
            "authors": [
                {
                    "first": "T",
                    "middle": [],
                    "last": "Rastogi",
                    "suffix": ""
                },
                {
                    "first": "T",
                    "middle": [
                        "L"
                    ],
                    "last": "Beattie",
                    "suffix": ""
                },
                {
                    "first": "J",
                    "middle": [
                        "E"
                    ],
                    "last": "Olive",
                    "suffix": ""
                },
                {
                    "first": "R",
                    "middle": [
                        "A"
                    ],
                    "last": "Collins",
                    "suffix": ""
                }
            ],
            "year": 1996,
            "venue": "EMBO J",
            "volume": "15",
            "issn": "",
            "pages": "2820--2825",
            "other_ids": {}
        },
        "BIBREF2": {
            "ref_id": "b2",
            "title": "A conformational switch controls hepatitis delta virus ribozyme catalysis",
            "authors": [
                {
                    "first": "A",
                    "middle": [],
                    "last": "Ke",
                    "suffix": ""
                },
                {
                    "first": "K",
                    "middle": [],
                    "last": "Zhou",
                    "suffix": ""
                },
                {
                    "first": "F",
                    "middle": [],
                    "last": "Ding",
                    "suffix": ""
                },
                {
                    "first": "J",
                    "middle": [
                        "H"
                    ],
                    "last": "Cate",
                    "suffix": ""
                },
                {
                    "first": "J",
                    "middle": [
                        "A"
                    ],
                    "last": "Doudna",
                    "suffix": ""
                }
            ],
            "year": 2004,
            "venue": "Nature",
            "volume": "429",
            "issn": "",
            "pages": "201--205",
            "other_ids": {}
        },
        "BIBREF3": {
            "ref_id": "b3",
            "title": "Crystal structure of a self-splicing group I intron with both exons",
            "authors": [
                {
                    "first": "P",
                    "middle": [
                        "L"
                    ],
                    "last": "Adams",
                    "suffix": ""
                },
                {
                    "first": "M",
                    "middle": [
                        "R"
                    ],
                    "last": "Stahley",
                    "suffix": ""
                },
                {
                    "first": "A",
                    "middle": [
                        "B"
                    ],
                    "last": "Kosek",
                    "suffix": ""
                },
                {
                    "first": "J",
                    "middle": [],
                    "last": "Wang",
                    "suffix": ""
                },
                {
                    "first": "S",
                    "middle": [
                        "A"
                    ],
                    "last": "Strobel",
                    "suffix": ""
                }
            ],
            "year": 2004,
            "venue": "Nature",
            "volume": "430",
            "issn": "",
            "pages": "45--50",
            "other_ids": {}
        },
        "BIBREF4": {
            "ref_id": "b4",
            "title": "Structure of the human telomerase RNA pseudoknot reveals conserved tertiary interactions essential for function",
            "authors": [
                {
                    "first": "C",
                    "middle": [
                        "A"
                    ],
                    "last": "Theimer",
                    "suffix": ""
                },
                {
                    "first": "C",
                    "middle": [
                        "A"
                    ],
                    "last": "Blois",
                    "suffix": ""
                },
                {
                    "first": "J",
                    "middle": [],
                    "last": "Feigon",
                    "suffix": ""
                }
            ],
            "year": 2005,
            "venue": "Mol Cell",
            "volume": "17",
            "issn": "",
            "pages": "671--682",
            "other_ids": {}
        },
        "BIBREF5": {
            "ref_id": "b5",
            "title": "The structure of an RNA pseudoknot that causes effi cient frameshifting in mouse mammary tumor virus",
            "authors": [
                {
                    "first": "L",
                    "middle": [
                        "X"
                    ],
                    "last": "Shen",
                    "suffix": ""
                },
                {
                    "first": "I",
                    "middle": [],
                    "last": "Tinoco",
                    "suffix": ""
                }
            ],
            "year": 1995,
            "venue": "J Mol Biol",
            "volume": "247",
            "issn": "",
            "pages": "963--978",
            "other_ids": {}
        },
        "BIBREF6": {
            "ref_id": "b6",
            "title": "Solution structure of a luteoviral P1-P2 frameshifting mRNA pseudoknot",
            "authors": [
                {
                    "first": "P",
                    "middle": [
                        "L"
                    ],
                    "last": "Nixon",
                    "suffix": ""
                },
                {
                    "first": "A",
                    "middle": [],
                    "last": "Rangan",
                    "suffix": ""
                },
                {
                    "first": "Y",
                    "middle": [
                        "G"
                    ],
                    "last": "Kim",
                    "suffix": ""
                },
                {
                    "first": "A",
                    "middle": [],
                    "last": "Rich",
                    "suffix": ""
                },
                {
                    "first": "D",
                    "middle": [
                        "W"
                    ],
                    "last": "Hoffman",
                    "suffix": ""
                }
            ],
            "year": 2002,
            "venue": "J Mol Biol",
            "volume": "322",
            "issn": "",
            "pages": "621--633",
            "other_ids": {}
        },
        "BIBREF7": {
            "ref_id": "b7",
            "title": "Solution structure of the pseudoknot of SRV-1 RNA, involved in ribosomal frameshifting",
            "authors": [
                {
                    "first": "P",
                    "middle": [
                        "J"
                    ],
                    "last": "Michiels",
                    "suffix": ""
                },
                {
                    "first": "A",
                    "middle": [
                        "A"
                    ],
                    "last": "Versleijen",
                    "suffix": ""
                },
                {
                    "first": "P",
                    "middle": [
                        "W"
                    ],
                    "last": "Verlaan",
                    "suffix": ""
                },
                {
                    "first": "C",
                    "middle": [
                        "W"
                    ],
                    "last": "Pleij",
                    "suffix": ""
                },
                {
                    "first": "C",
                    "middle": [
                        "W"
                    ],
                    "last": "Hilbers",
                    "suffix": ""
                }
            ],
            "year": 2001,
            "venue": "J Mol Biol",
            "volume": "310",
            "issn": "",
            "pages": "1109--1123",
            "other_ids": {}
        },
        "BIBREF8": {
            "ref_id": "b8",
            "title": "Metal ions and fl exibility in a viral RNA pseudoknot at atomic resolution",
            "authors": [
                {
                    "first": "M",
                    "middle": [],
                    "last": "Egli",
                    "suffix": ""
                },
                {
                    "first": "G",
                    "middle": [],
                    "last": "Minasov",
                    "suffix": ""
                },
                {
                    "first": "L",
                    "middle": [],
                    "last": "Su",
                    "suffix": ""
                },
                {
                    "first": "A",
                    "middle": [],
                    "last": "Rich",
                    "suffix": ""
                }
            ],
            "year": 2002,
            "venue": "Proc Natl Acad Sci U S A",
            "volume": "99",
            "issn": "",
            "pages": "4302--4307",
            "other_ids": {}
        },
        "BIBREF9": {
            "ref_id": "b9",
            "title": "The molecular biology of hepatitis delta virus",
            "authors": [
                {
                    "first": "M",
                    "middle": [
                        "M"
                    ],
                    "last": "Lai",
                    "suffix": ""
                }
            ],
            "year": 1995,
            "venue": "Annu Rev Biochem",
            "volume": "64",
            "issn": "",
            "pages": "259--286",
            "other_ids": {}
        },
        "BIBREF10": {
            "ref_id": "b10",
            "title": "Characterization of self-cleaving RNA sequences on the genome and antigenome of human hepatitis delta virus",
            "authors": [
                {
                    "first": "M",
                    "middle": [
                        "Y"
                    ],
                    "last": "Kuo",
                    "suffix": ""
                },
                {
                    "first": "L",
                    "middle": [],
                    "last": "Sharmeen",
                    "suffix": ""
                },
                {
                    "first": "G",
                    "middle": [],
                    "last": "Dinter-Gottlieb",
                    "suffix": ""
                },
                {
                    "first": "J",
                    "middle": [],
                    "last": "Taylor",
                    "suffix": ""
                }
            ],
            "year": 1988,
            "venue": "J Virol",
            "volume": "62",
            "issn": "",
            "pages": "4439--4444",
            "other_ids": {}
        },
        "BIBREF11": {
            "ref_id": "b11",
            "title": "Structural and sequence elements required for the self-cleaving activity of the hepatitis delta virus ribozyme",
            "authors": [
                {
                    "first": "G",
                    "middle": [],
                    "last": "Thill",
                    "suffix": ""
                },
                {
                    "first": "M",
                    "middle": [],
                    "last": "Vasseur",
                    "suffix": ""
                },
                {
                    "first": "N",
                    "middle": [
                        "K"
                    ],
                    "last": "Tanner",
                    "suffix": ""
                }
            ],
            "year": 1993,
            "venue": "Biochemistry",
            "volume": "32",
            "issn": "",
            "pages": "4254--4262",
            "other_ids": {}
        },
        "BIBREF12": {
            "ref_id": "b12",
            "title": "Crystal structure of a hepatitis delta virus ribozyme",
            "authors": [
                {
                    "first": "A",
                    "middle": [
                        "R"
                    ],
                    "last": "Ferre-D&apos;amare",
                    "suffix": ""
                },
                {
                    "first": "K",
                    "middle": [],
                    "last": "Zhou",
                    "suffix": ""
                },
                {
                    "first": "J",
                    "middle": [
                        "A"
                    ],
                    "last": "Doudna",
                    "suffix": ""
                }
            ],
            "year": 1998,
            "venue": "Nature",
            "volume": "395",
            "issn": "",
            "pages": "567--574",
            "other_ids": {}
        },
        "BIBREF13": {
            "ref_id": "b13",
            "title": "The generality of self-splicing RNA: Relationship to nuclear mRNA splicing",
            "authors": [
                {
                    "first": "T",
                    "middle": [
                        "R"
                    ],
                    "last": "Cech",
                    "suffix": ""
                }
            ],
            "year": 1986,
            "venue": "Cell",
            "volume": "44",
            "issn": "",
            "pages": "207--210",
            "other_ids": {}
        },
        "BIBREF14": {
            "ref_id": "b14",
            "title": "Crystal structure of a group I intron splicing intermediate",
            "authors": [
                {
                    "first": "P",
                    "middle": [
                        "L"
                    ],
                    "last": "Adams",
                    "suffix": ""
                },
                {
                    "first": "M",
                    "middle": [
                        "R"
                    ],
                    "last": "Stahley",
                    "suffix": ""
                },
                {
                    "first": "M",
                    "middle": [
                        "L"
                    ],
                    "last": "Gill",
                    "suffix": ""
                },
                {
                    "first": "A",
                    "middle": [
                        "B"
                    ],
                    "last": "Kosek",
                    "suffix": ""
                },
                {
                    "first": "J",
                    "middle": [],
                    "last": "Wang",
                    "suffix": ""
                }
            ],
            "year": 2004,
            "venue": "RNA",
            "volume": "10",
            "issn": "",
            "pages": "1867--1887",
            "other_ids": {}
        },
        "BIBREF15": {
            "ref_id": "b15",
            "title": "The chemical repertoire of natural ribozymes",
            "authors": [
                {
                    "first": "J",
                    "middle": [
                        "A"
                    ],
                    "last": "Doudna",
                    "suffix": ""
                },
                {
                    "first": "T",
                    "middle": [
                        "R"
                    ],
                    "last": "Cech",
                    "suffix": ""
                }
            ],
            "year": 2002,
            "venue": "Nature",
            "volume": "418",
            "issn": "",
            "pages": "222--228",
            "other_ids": {}
        },
        "BIBREF16": {
            "ref_id": "b16",
            "title": "In vitro selection of functional nucleic acids",
            "authors": [
                {
                    "first": "D",
                    "middle": [
                        "S"
                    ],
                    "last": "Wilson",
                    "suffix": ""
                },
                {
                    "first": "J",
                    "middle": [
                        "W"
                    ],
                    "last": "Szostak",
                    "suffix": ""
                }
            ],
            "year": 1999,
            "venue": "Annu Rev Biochem",
            "volume": "68",
            "issn": "",
            "pages": "611--647",
            "other_ids": {}
        },
        "BIBREF17": {
            "ref_id": "b17",
            "title": "Structural basis for Diels-Alder ribozyme-catalyzed carbon-carbon bond formation",
            "authors": [
                {
                    "first": "A",
                    "middle": [],
                    "last": "Serganov",
                    "suffix": ""
                },
                {
                    "first": "S",
                    "middle": [],
                    "last": "Keiper",
                    "suffix": ""
                },
                {
                    "first": "L",
                    "middle": [],
                    "last": "Malinina",
                    "suffix": ""
                },
                {
                    "first": "V",
                    "middle": [],
                    "last": "Tereshko",
                    "suffix": ""
                },
                {
                    "first": "E",
                    "middle": [],
                    "last": "Skripkin",
                    "suffix": ""
                }
            ],
            "year": 2005,
            "venue": "Nat Struct Mol Biol",
            "volume": "12",
            "issn": "",
            "pages": "218--224",
            "other_ids": {}
        },
        "BIBREF18": {
            "ref_id": "b18",
            "title": "Telomeres and their control",
            "authors": [
                {
                    "first": "M",
                    "middle": [
                        "J"
                    ],
                    "last": "Mceachern",
                    "suffix": ""
                },
                {
                    "first": "A",
                    "middle": [],
                    "last": "Krauskopf",
                    "suffix": ""
                },
                {
                    "first": "E",
                    "middle": [
                        "H"
                    ],
                    "last": "Blackburn",
                    "suffix": ""
                }
            ],
            "year": 2000,
            "venue": "Annu Rev Genet",
            "volume": "34",
            "issn": "",
            "pages": "331--358",
            "other_ids": {}
        },
        "BIBREF19": {
            "ref_id": "b19",
            "title": "Telomeres and cancer: A tale with many endings",
            "authors": [
                {
                    "first": "M",
                    "middle": [
                        "A"
                    ],
                    "last": "Blasco",
                    "suffix": ""
                }
            ],
            "year": 2003,
            "venue": "Curr Opin Genet Dev",
            "volume": "13",
            "issn": "",
            "pages": "70--76",
            "other_ids": {}
        },
        "BIBREF20": {
            "ref_id": "b20",
            "title": "Dyskeratosis congenita, telomeres and human ageing",
            "authors": [
                {
                    "first": "R",
                    "middle": [
                        "A"
                    ],
                    "last": "Marciniak",
                    "suffix": ""
                },
                {
                    "first": "F",
                    "middle": [
                        "B"
                    ],
                    "last": "Johnson",
                    "suffix": ""
                },
                {
                    "first": "L",
                    "middle": [],
                    "last": "Guarente",
                    "suffix": ""
                }
            ],
            "year": 2000,
            "venue": "Trends Genet",
            "volume": "16",
            "issn": "",
            "pages": "193--195",
            "other_ids": {}
        },
        "BIBREF21": {
            "ref_id": "b21",
            "title": "Telomerase: Biochemical considerations for enzyme and substrate",
            "authors": [
                {
                    "first": "C",
                    "middle": [],
                    "last": "Kelleher",
                    "suffix": ""
                },
                {
                    "first": "M",
                    "middle": [
                        "T"
                    ],
                    "last": "Teixeira",
                    "suffix": ""
                },
                {
                    "first": "K",
                    "middle": [],
                    "last": "Forstemann",
                    "suffix": ""
                },
                {
                    "first": "J",
                    "middle": [],
                    "last": "Lingner",
                    "suffix": ""
                }
            ],
            "year": 2002,
            "venue": "Trends Biochem Sci",
            "volume": "27",
            "issn": "",
            "pages": "572--579",
            "other_ids": {}
        },
        "BIBREF22": {
            "ref_id": "b22",
            "title": "Association between aplastic anaemia and mutations in telomerase RNA",
            "authors": [
                {
                    "first": "T",
                    "middle": [],
                    "last": "Vulliamy",
                    "suffix": ""
                },
                {
                    "first": "A",
                    "middle": [],
                    "last": "Marrone",
                    "suffix": ""
                },
                {
                    "first": "I",
                    "middle": [],
                    "last": "Dokal",
                    "suffix": ""
                },
                {
                    "first": "P",
                    "middle": [
                        "J"
                    ],
                    "last": "Mason",
                    "suffix": ""
                }
            ],
            "year": 2002,
            "venue": "Lancet",
            "volume": "359",
            "issn": "",
            "pages": "2168--2170",
            "other_ids": {}
        },
        "BIBREF23": {
            "ref_id": "b23",
            "title": "How translational accuracy infl uences reading frame maintenance",
            "authors": [
                {
                    "first": "P",
                    "middle": [
                        "J"
                    ],
                    "last": "Farabaugh",
                    "suffix": ""
                },
                {
                    "first": "G",
                    "middle": [
                        "R"
                    ],
                    "last": "Bjork",
                    "suffix": ""
                }
            ],
            "year": 1999,
            "venue": "EMBO J",
            "volume": "18",
            "issn": "",
            "pages": "1427--1434",
            "other_ids": {}
        },
        "BIBREF24": {
            "ref_id": "b24",
            "title": "Recoding: Dynamic reprogramming of translation",
            "authors": [
                {
                    "first": "R",
                    "middle": [
                        "F"
                    ],
                    "last": "Gesteland",
                    "suffix": ""
                },
                {
                    "first": "J",
                    "middle": [
                        "F"
                    ],
                    "last": "Atkins",
                    "suffix": ""
                }
            ],
            "year": 1996,
            "venue": "Annu Rev Biochem",
            "volume": "65",
            "issn": "",
            "pages": "741--768",
            "other_ids": {}
        },
        "BIBREF25": {
            "ref_id": "b25",
            "title": "RNA pseudoknots: Translational frameshifting and readthrough on viral RNAs",
            "authors": [
                {
                    "first": "E",
                    "middle": [
                        "B"
                    ],
                    "last": "Ten Dam",
                    "suffix": ""
                },
                {
                    "first": "C",
                    "middle": [
                        "W"
                    ],
                    "last": "Pleij",
                    "suffix": ""
                },
                {
                    "first": "L",
                    "middle": [],
                    "last": "Bosch",
                    "suffix": ""
                }
            ],
            "year": 1990,
            "venue": "Virus Genes",
            "volume": "4",
            "issn": "",
            "pages": "121--136",
            "other_ids": {}
        },
        "BIBREF26": {
            "ref_id": "b26",
            "title": "Ribosomal pausing during translation of an RNA pseudoknot",
            "authors": [
                {
                    "first": "P",
                    "middle": [],
                    "last": "Somogyi",
                    "suffix": ""
                },
                {
                    "first": "A",
                    "middle": [
                        "J"
                    ],
                    "last": "Jenner",
                    "suffix": ""
                },
                {
                    "first": "I",
                    "middle": [],
                    "last": "Brierley",
                    "suffix": ""
                },
                {
                    "first": "S",
                    "middle": [
                        "C"
                    ],
                    "last": "Inglis",
                    "suffix": ""
                }
            ],
            "year": 1993,
            "venue": "Mol Cell Biol",
            "volume": "13",
            "issn": "",
            "pages": "6931--6940",
            "other_ids": {}
        },
        "BIBREF27": {
            "ref_id": "b27",
            "title": "A characteristic bent conformation of RNA pseudoknots promotes -1 frameshifting during translation of retroviral RNA",
            "authors": [
                {
                    "first": "X",
                    "middle": [],
                    "last": "Chen",
                    "suffix": ""
                },
                {
                    "first": "H",
                    "middle": [],
                    "last": "Kang",
                    "suffix": ""
                },
                {
                    "first": "L",
                    "middle": [
                        "X"
                    ],
                    "last": "Shen",
                    "suffix": ""
                },
                {
                    "first": "M",
                    "middle": [],
                    "last": "Chamorro",
                    "suffix": ""
                },
                {
                    "first": "H",
                    "middle": [
                        "E"
                    ],
                    "last": "Varmus",
                    "suffix": ""
                }
            ],
            "year": 1996,
            "venue": "J Mol Biol",
            "volume": "260",
            "issn": "",
            "pages": "479--483",
            "other_ids": {}
        },
        "BIBREF28": {
            "ref_id": "b28",
            "title": "Luteovirus gene expression",
            "authors": [
                {
                    "first": "A",
                    "middle": [
                        "W"
                    ],
                    "last": "Miller",
                    "suffix": ""
                },
                {
                    "first": "S",
                    "middle": [
                        "P"
                    ],
                    "last": "Dinesh-Kumar",
                    "suffix": ""
                },
                {
                    "first": "C",
                    "middle": [
                        "P"
                    ],
                    "last": "Paul",
                    "suffix": ""
                }
            ],
            "year": 1995,
            "venue": "CRC Crit Rev Plant Sci",
            "volume": "14",
            "issn": "",
            "pages": "179--211",
            "other_ids": {}
        },
        "BIBREF29": {
            "ref_id": "b29",
            "title": "Characterization of a novel coronavirus associated with severe acute respiratory syndrome",
            "authors": [
                {
                    "first": "P",
                    "middle": [
                        "A"
                    ],
                    "last": "Rota",
                    "suffix": ""
                },
                {
                    "first": "M",
                    "middle": [
                        "S"
                    ],
                    "last": "Oberste",
                    "suffix": ""
                },
                {
                    "first": "S",
                    "middle": [
                        "S"
                    ],
                    "last": "Monroe",
                    "suffix": ""
                },
                {
                    "first": "W",
                    "middle": [
                        "A"
                    ],
                    "last": "Nix",
                    "suffix": ""
                },
                {
                    "first": "R",
                    "middle": [],
                    "last": "Campagnoli",
                    "suffix": ""
                }
            ],
            "year": 2003,
            "venue": "Science",
            "volume": "300",
            "issn": "",
            "pages": "1394--1399",
            "other_ids": {}
        },
        "BIBREF30": {
            "ref_id": "b30",
            "title": "Programmed ribosomal frameshifting in decoding the SARS-CoV genome",
            "authors": [
                {
                    "first": "P",
                    "middle": [
                        "V"
                    ],
                    "last": "Baranov",
                    "suffix": ""
                },
                {
                    "first": "C",
                    "middle": [
                        "M"
                    ],
                    "last": "Henderson",
                    "suffix": ""
                },
                {
                    "first": "C",
                    "middle": [
                        "B"
                    ],
                    "last": "Anderson",
                    "suffix": ""
                },
                {
                    "first": "R",
                    "middle": [
                        "F"
                    ],
                    "last": "Gesteland",
                    "suffix": ""
                },
                {
                    "first": "J",
                    "middle": [
                        "F"
                    ],
                    "last": "Atkins",
                    "suffix": ""
                }
            ],
            "year": 2005,
            "venue": "Virology",
            "volume": "332",
            "issn": "",
            "pages": "498--510",
            "other_ids": {}
        },
        "BIBREF31": {
            "ref_id": "b31",
            "title": "Programmed -1 ribosomal frameshifting in the SARS coronavirus",
            "authors": [
                {
                    "first": "F",
                    "middle": [
                        "D"
                    ],
                    "last": "Ramos",
                    "suffix": ""
                },
                {
                    "first": "M",
                    "middle": [],
                    "last": "Carrasco",
                    "suffix": ""
                },
                {
                    "first": "T",
                    "middle": [],
                    "last": "Doyle",
                    "suffix": ""
                },
                {
                    "first": "I",
                    "middle": [],
                    "last": "Brierley",
                    "suffix": ""
                }
            ],
            "year": 2004,
            "venue": "Biochem Soc Trans",
            "volume": "32",
            "issn": "",
            "pages": "1081--1083",
            "other_ids": {}
        },
        "BIBREF32": {
            "ref_id": "b32",
            "title": "A three-stemmed mRNA pseudoknot in the SARS coronavirus frameshift signal",
            "authors": [
                {
                    "first": "E",
                    "middle": [
                        "P"
                    ],
                    "last": "Plant",
                    "suffix": ""
                },
                {
                    "first": "G",
                    "middle": [
                        "C"
                    ],
                    "last": "P\u00e9rez-Alvarado",
                    "suffix": ""
                },
                {
                    "first": "J",
                    "middle": [
                        "L"
                    ],
                    "last": "Jacobs",
                    "suffix": ""
                },
                {
                    "first": "B",
                    "middle": [],
                    "last": "Mukhopadhyay",
                    "suffix": ""
                },
                {
                    "first": "M",
                    "middle": [],
                    "last": "Hennig",
                    "suffix": ""
                }
            ],
            "year": 2005,
            "venue": "PLoS Biol",
            "volume": "3",
            "issn": "",
            "pages": "",
            "other_ids": {
                "DOI": [
                    "10.1371/journal.pbio.0030172"
                ]
            }
        }
    },
    "ref_entries": {
        "FIGREF0": {
            "text": "RNA Pseudoknot Architecture (A) Linear arrangement of base-pairing elements within an Htype RNA pseudoknot. Base pairing is indicated with dashed lines. (B) Formation of initial hairpin within pseudoknot sequence. Base pairings from loop to bases outside the hairpin are indicated with dashed lines. (C) Classic H-type pseudoknot fold. (D) Three-stemmed RNA pseudoknot fold from SARS-CoV.",
            "latex": null,
            "type": "figure"
        },
        "FIGREF1": {
            "text": "10.1371/journal.pbio.0030213.g002",
            "latex": null,
            "type": "figure"
        },
        "FIGREF2": {
            "text": "Sequences and Structures of RNA PseudoknotsStems and loops are numbered sequentially, unless otherwise noted. Structure coordinates were obtained from the Protein Data Bank (http:\u2044\u2044www.rcsb.org), and structural representations were produced using MOLMOL software.(A) HDV (1SJ3). Numbering of stems refl ects standard nomenclature for HDV. The U1A RNA binding domain is colored gray and is not included in the three-dimensional structure. (B) Diels-Alder ribozyme (DA-R) (1YLS). (C) Human telomerase (hTR) (1YMO). (D) MMTV (1RNK). (E) Pea enation mosaic virus RNA1 (PEMV-1) (1KPZ). (F) Simian retrovirus 1 (SRV-1) (1E95).",
            "latex": null,
            "type": "figure"
        }
    },
    "back_matter": []
}