{
    "paper_id": "e703a33d5803f827c3d57a19385c0c2cbc2830e9",
    "metadata": {
        "title": "Prevalence of enteropathogens and their antibiotic sensitivity pattern in puppies with hemorrhagic gastroenteritis",
        "authors": [
            {
                "first": "A",
                "middle": [
                    "Kokila"
                ],
                "last": "Priya",
                "suffix": "",
                "affiliation": {
                    "laboratory": "",
                    "institution": "Madras Veterinary College",
                    "location": {
                        "addrLine": "Chennai -600 007"
                    }
                },
                "email": ""
            },
            {
                "first": "M",
                "middle": [],
                "last": "Balagangatharathilagar",
                "suffix": "",
                "affiliation": {
                    "laboratory": "",
                    "institution": "Madras Veterinary College",
                    "location": {
                        "addrLine": "Chennai -600 007"
                    }
                },
                "email": ""
            },
            {
                "first": "D",
                "middle": [],
                "last": "Chandrasekaran",
                "suffix": "",
                "affiliation": {
                    "laboratory": "",
                    "institution": "Madras Veterinary College",
                    "location": {
                        "addrLine": "Chennai -600 007"
                    }
                },
                "email": ""
            },
            {
                "first": "M",
                "middle": [],
                "last": "Parthiban",
                "suffix": "",
                "affiliation": {
                    "laboratory": "",
                    "institution": "Madras Veterinary College",
                    "location": {
                        "addrLine": "Chennai -600 007"
                    }
                },
                "email": "mp:drparthiban66@gmail.com"
            },
            {
                "first": "S",
                "middle": [],
                "last": "Prathaban",
                "suffix": "",
                "affiliation": {
                    "laboratory": "",
                    "institution": "Madras Veterinary College",
                    "location": {
                        "addrLine": "Chennai -600 007"
                    }
                },
                "email": ""
            }
        ]
    },
    "abstract": [
        {
            "text": "How to cite this article: Priya AK, Balagangatharathilagar M, Chandrasekaran D, Parthiban M, Prathaban S (2017) Prevalence of enteropathogens and their antibiotic sensitivity pattern in puppies with hemorrhagic gastroenteritis, Veterinary World, 10(8): 859-863.",
            "cite_spans": [],
            "ref_spans": [],
            "section": "Abstract"
        },
        {
            "text": "Aim: Hemorrhagic gastroenteritis (HGE) ranging from mild to severe forms is commonly encountered in puppies. The aim of the study was to identify the prevalence of common enteropathogens and the antibiotic sensitivity pattern in puppies reported with HGE.",
            "cite_spans": [],
            "ref_spans": [],
            "section": "Abstract"
        },
        {
            "text": "The canine HGE activity index, with little modification, was adopted to identify Grade III/ severely affected puppies below 6 months of age. Fecal polymerase chain reaction (PCR) assay was employed to screen and compare the enteropathogens in puppies with hemorrhagic diarrhea and healthy control.",
            "cite_spans": [],
            "ref_spans": [],
            "section": "Abstract"
        },
        {
            "text": "Results: Canine parvovirus 2b was identified in 90.3% of the diarrheic and 10% of the non-diarrheic healthy puppies. Clostridium difficile was identified in all the diarrheic puppies and in 80% of the healthy puppies. Among the diarrheic puppies, 17.7% were positive for Clostridium perfringens enterotoxin, 9.7% were positive for C. perfringens alpha toxin, 6.4% were positive for Escherichia coli shiga toxin, 6.4% were positive for E. coli enterotoxin (LT), and 3.2% were positive for canine distemper virus. Whereas, none of the healthy puppies were positive for these bacteria and toxins. Fecal antibiotic sensitivity test pattern revealed gentamicin to be sensitive in 95% of the cases, azithromycin in 50%, enrofloxacin in 25%, cefotaxime in 20%, and tetracycline in 5% of the cases.",
            "cite_spans": [],
            "ref_spans": [],
            "section": "Abstract"
        },
        {
            "text": "Conclusion: Parvoviral enteritis is predominant among puppies. Yet, bacteria and their toxins also play an important role in HGE. Gentamicin has higher sensitivity against the enteropathogens associated with the condition.",
            "cite_spans": [],
            "ref_spans": [],
            "section": "Abstract"
        }
    ],
    "body_text": [
        {
            "text": "Acute hemorrhagic diarrhea is one of the most serious clinical manifestations of the gastrointestinal failure faced by small animal practitioners [1] . Infectious agents associated with diarrhea in young dogs are typically bacterial or viral [2] . The potential enteropathogenic bacteria associated with bacterial gastroenteritis in dogs include Clostridium difficile, Clostridium perfringens, Escherichia coli, Campylobacter jejuni, and Salmonella sp. [3] . While, the enteric viruses that are commonly detected in dogs with diarrhea include canine parvovirus (CPV), enteric Canine coronavirus (CCoV), and canine distemper virus (CDV) [4] .",
            "cite_spans": [
                {
                    "start": 146,
                    "end": 149,
                    "text": "[1]",
                    "ref_id": "BIBREF0"
                },
                {
                    "start": 242,
                    "end": 245,
                    "text": "[2]",
                    "ref_id": "BIBREF1"
                },
                {
                    "start": 453,
                    "end": 456,
                    "text": "[3]",
                    "ref_id": "BIBREF2"
                },
                {
                    "start": 636,
                    "end": 639,
                    "text": "[4]",
                    "ref_id": "BIBREF3"
                }
            ],
            "ref_spans": [],
            "section": "Introduction"
        },
        {
            "text": "The intestinal micro flora of dogs and cats is a complex and poorly understood population. The poor understanding of what truly constitutes normal versus abnormal, along with the ability to only superficially characterize the gut microbial population, limits understanding of the pathophysiology of enteritis [5] . There is a growing body of evidence indicating bacterial translocation due to impaired gastrointestinal function, leading to the septicemia in young puppies [6] . This supports the use of antibiotics in the treatment protocol of the affected animals.",
            "cite_spans": [
                {
                    "start": 309,
                    "end": 312,
                    "text": "[5]",
                    "ref_id": "BIBREF4"
                },
                {
                    "start": 472,
                    "end": 475,
                    "text": "[6]",
                    "ref_id": "BIBREF5"
                }
            ],
            "ref_spans": [],
            "section": "Introduction"
        },
        {
            "text": "Thus, the study was conducted to identify the various possible underlying etiology of hemorrhagic gastroenteritis (HGE), which will help in better understanding of the pathogenesis and to identify the better choice of antibiotic in most of the affected puppies, thereby to improve the survivability.",
            "cite_spans": [],
            "ref_spans": [],
            "section": "Introduction"
        },
        {
            "text": "As the study was conducted with the clinical cases (affected animals) ethical committee approval was not required. Available at www.veterinaryworld.org/Vol.10/August-2017/4.pdf",
            "cite_spans": [],
            "ref_spans": [],
            "section": "Ethical approval"
        },
        {
            "text": "Puppies below 6 months of age presented to the Madras Veterinary College Teaching Hospital with hemorrhagic diarrhea were selected for the study. The selection criteria used were based on the canine HGE activity index [7] with little modifications, given in Table- 1. A total of 62 puppies that satisfy Grade III/ severely affected criteria were selected for the study. A total of 10 apparently healthy puppies below 6 months of age were selected as negative control. About 2 g of fecal sample and fecal swab was collected from the rectum of the affected puppies.",
            "cite_spans": [
                {
                    "start": 218,
                    "end": 221,
                    "text": "[7]",
                    "ref_id": "BIBREF6"
                }
            ],
            "ref_spans": [
                {
                    "start": 258,
                    "end": 264,
                    "text": "Table-",
                    "ref_id": "TABREF1"
                }
            ],
            "section": "Selection of animals and sampling"
        },
        {
            "text": "Fecal samples collected from all the puppies during the study period were screened by polymerase chain reaction (PCR) for the common enteropathogens, including the bacteria, their toxins and viruses. The organisms that were screened include E. colishiga and enterotoxin (LT), C. perfringens -alpha (cpa) and C. perfringens enterotoxin (cpe) C. difficile and its toxin B, Salmonella sp., Campylobacter sp., and the viruses such as CPV-2b strain, CDV, enteric CCoV, and Rotavirus.",
            "cite_spans": [],
            "ref_spans": [],
            "section": "Selection of animals and sampling"
        },
        {
            "text": "DNA isolation was performed using phenol-chloroform method [8] . 1-2 g of fresh fecal samples were collected. 3 ml of phosphate buffered saline was added to it. About 1 ml of this fecal mixture was taken, centrifuged at 6000 rpm for 10 min and the supernatant was collected. To 200 \u00b5L of supernatant, 800 \u00b5L of proteinase buffer, and 4 \u00b5L of proteinase K enzyme were added and incubated in a water bath at 37\u00b0C for 1 h. 800 \u00b5L of phenol:chloroform:isoamyl alcohol mixture (25:24:1) and 100 \u00b5L of 5 M sodium acetate were added and centrifuged at 10,000 rpm for 15 min. Then, 1 ml of isopropanol was added to the supernatant and kept at \u221220\u00b0C for 1 h or overnight incubation and centrifuged at 10,000 rpm for 15 min. 1 ml of 70% ethanol was added to the pellet and centrifuged at 10,000 rpm for 10 min. The ethanol was discarded and the pellet air dried. 30-50 \u00b5L of nuclease free water was added to the air-dried pellet and stored at \u221280\u00b0C until use.",
            "cite_spans": [
                {
                    "start": 59,
                    "end": 62,
                    "text": "[8]",
                    "ref_id": "BIBREF7"
                }
            ],
            "ref_spans": [],
            "section": "Sample processing and DNA isolation (phenol chloroform method)"
        },
        {
            "text": "RNA isolation from fecal sample was done using the TRIzol reagent method [9] . 250 \u00b5L of fecal sample (supernatant) was mixed with 750 \u00b5L of TRIzol reagent and incubated in ice for 2 min. 200 \u00b5L of chloroform was added, incubated for 5 min and centrifuged at 12,000 rpm for 15 min at 4\u00b0C. The 500 \u00b5L of isopropanol was added to the supernatant and kept at \u221220\u00b0C for overnight incubation. The samples were then centrifuged at 12,000 rpm for 20 min at 4\u00b0C. 1 ml of 70% ethanol was added to the pellet and centrifuged at 12,000 rpm for 15 min at 4\u00b0C. 15 \u00b5L of NFW was added to the RNA pellet. cDNA synthesis was performed with random primers and RevertAid M-MuLV reverse transcriptase as per the manufacturer's instructions: The cDNA obtained was used as templates for PCR assay, the live attenuated Rotavirus vaccine (Human Rotavirus RIX 4414 strain) and killed CCoV vaccine (NL-18 strain) were used as positive controls.",
            "cite_spans": [
                {
                    "start": 73,
                    "end": 76,
                    "text": "[9]",
                    "ref_id": "BIBREF8"
                }
            ],
            "ref_spans": [],
            "section": "RNA isolation"
        },
        {
            "text": "The stn gene corresponding to the Salmonella spp. was tested to show amplification with a molecular length of 617 bp [10] . The stx 1 (shiga toxin) and LT 1 (enterotoxin) genes corresponding to E. coli were tested to show amplification with a molecular length of 614 and 480 bp [11] . The 16S rRNA gene corresponding to C. jejuni and C. coli was tested to show amplification with a molecular length of 854 bp [12] . The 16S rRNA and toxin B genes corresponding to the C. difficile were tested to show amplification with a molecular length of 270 and 399 bp [13] . The cpa (alpha toxin) and cpe (enterotoxin) genes corresponding to the Clostridium perfringens were tested to show amplification with a molecular length of 400 and 233 bp [14] . The VP7 gene corresponding to Rotavirus was tested to show amplification with a molecular length of 1062 bp [15] . The VP2 gene corresponding to CPV-2b was tested to show amplification with a molecular length of 427 bp [16] . The H gene corresponding to CDV was tested to show amplification with a molecular length of 863 bp [17] , and the S gene corresponding to CCoV was tested to show amplification with a molecular length of 346 bp [18] , respectively.",
            "cite_spans": [
                {
                    "start": 117,
                    "end": 121,
                    "text": "[10]",
                    "ref_id": "BIBREF9"
                },
                {
                    "start": 278,
                    "end": 282,
                    "text": "[11]",
                    "ref_id": "BIBREF10"
                },
                {
                    "start": 409,
                    "end": 413,
                    "text": "[12]",
                    "ref_id": "BIBREF11"
                },
                {
                    "start": 557,
                    "end": 561,
                    "text": "[13]",
                    "ref_id": "BIBREF12"
                },
                {
                    "start": 735,
                    "end": 739,
                    "text": "[14]",
                    "ref_id": "BIBREF13"
                },
                {
                    "start": 850,
                    "end": 854,
                    "text": "[15]",
                    "ref_id": "BIBREF14"
                },
                {
                    "start": 961,
                    "end": 965,
                    "text": "[16]",
                    "ref_id": "BIBREF15"
                },
                {
                    "start": 1067,
                    "end": 1071,
                    "text": "[17]",
                    "ref_id": "BIBREF16"
                },
                {
                    "start": 1178,
                    "end": 1182,
                    "text": "[18]",
                    "ref_id": "BIBREF17"
                }
            ],
            "ref_spans": [],
            "section": "PCR"
        },
        {
            "text": "The PCR reaction mixture containing 12.5 \u00b5L of master mix, 2 \u00b5L of DNA template and 6.5 \u00b5L of nuclease free water was taken in PCR tubes and kept on ice. The PCR tubes were spinned for 10 s and the appropriate program was set in thermal cycler.",
            "cite_spans": [],
            "ref_spans": [],
            "section": "PCR"
        },
        {
            "text": "The PCR products were analyzed in 0.8-1.5% agarose gel according to the PCR amplicon size, containing 1 \u00b5L of working ethidium bromide staining along with 100 bp DNA ladder [19] . The gel was visualized under ultraviolet transilluminator and documented using MEGA-CAPT software.",
            "cite_spans": [
                {
                    "start": 173,
                    "end": 177,
                    "text": "[19]",
                    "ref_id": "BIBREF18"
                }
            ],
            "ref_spans": [],
            "section": "Agarose gel electrophoresis"
        },
        {
            "text": "Fecal ABST based on Kirby-Bauer agar disc diffusion technique was followed [20] . About 1-2 ml of nutrient broth was added to the culture swab and incubated at 37\u00b0C for 24 h. Mueller-Hinton agar plates were prepared, and the samples were inoculated. Antibiotic discs were placed at specific distance, and the plates were incubated at 37\u00b0C for 24 h. The results were read by measuring the zone of inhibition produced by various antibiotic discs and compared to the standards.",
            "cite_spans": [
                {
                    "start": 75,
                    "end": 79,
                    "text": "[20]",
                    "ref_id": "BIBREF19"
                }
            ],
            "ref_spans": [],
            "section": "Fecal antibiotic sensitivity tests (ABST)"
        },
        {
            "text": "Based on the PCR assay, among the healthy puppies screened, 80% were found positive for C. difficile, and 10% were positive for CPV-2b.",
            "cite_spans": [],
            "ref_spans": [],
            "section": "Results"
        },
        {
            "text": "Among the affected puppies, all were positive for C. difficile, 90.3% were positive for CPV-2b, 17.7% were positive for cpe, 9.7% were positive for cpa toxin, 6.4% were positive for E. coli shiga toxin (STEC), 6.4% were positive for E. coli -enterotoxin (LT), and 3.2% were positive for CDV ( Figure-1) . None of the puppies were shedding both the CPV and CDV together whereas, cpe together with cpa and LT were detected in two of the puppies with hemorrhagic diarrhea.",
            "cite_spans": [],
            "ref_spans": [
                {
                    "start": 293,
                    "end": 302,
                    "text": "Figure-1)",
                    "ref_id": "FIGREF0"
                }
            ],
            "section": "Results"
        },
        {
            "text": "Salmonella sp., Campylobacter sp., and C. difficile toxin B, enteric CCoV and Rotavirus were found negative in 62 puppies with hemorrhagic diarrhea screened samples.",
            "cite_spans": [],
            "ref_spans": [],
            "section": "Results"
        },
        {
            "text": "The fecal antibiotic sensitivity results revealed gentamicin to be sensitive in 95% of the cases, azithromycin in 50%, enrofloxacin in 25%, cefotaxime in 20%, and tetracycline in 5% of the cases. The order of sensitivity was gentamicin > azithromycin > enrofloxacin > cefotaxime > tetracycline. Maximum resistance (100%) to amoxicillin and least resistance (5%) to gentamicin were observed.",
            "cite_spans": [],
            "ref_spans": [],
            "section": "Results"
        },
        {
            "text": "The diagnostic methods based on PCR have the potential to be more sensitive and have a shorter turnover time, though they lack proper validation [21] . These molecular tests have been designed for the detection of many virulence genes and are often the most sensitive methods for detecting them [22] .",
            "cite_spans": [
                {
                    "start": 145,
                    "end": 149,
                    "text": "[21]",
                    "ref_id": "BIBREF20"
                },
                {
                    "start": 295,
                    "end": 299,
                    "text": "[22]",
                    "ref_id": "BIBREF21"
                }
            ],
            "ref_spans": [],
            "section": "Discussion"
        },
        {
            "text": "PCR-based methods for CPV infection in dogs have been shown to be more sensitive than traditional techniques [23] . They have shown to detect very low concentrations CPV and feline parvovirus in unprocessed fecal samples, and have been more useful to diagnose and differentiate canine enteric pathogens as the definitive diagnosis is important primarily for epidemic control and prevention [24] . The PCR assays avoid the necessity for culture for subsequent phenotypic tests and that when employed to a large number of diarrheic samples help in clarifying the role of a particular organism in the enteric disease [12] .",
            "cite_spans": [
                {
                    "start": 109,
                    "end": 113,
                    "text": "[23]",
                    "ref_id": "BIBREF22"
                },
                {
                    "start": 390,
                    "end": 394,
                    "text": "[24]",
                    "ref_id": "BIBREF23"
                },
                {
                    "start": 614,
                    "end": 618,
                    "text": "[12]",
                    "ref_id": "BIBREF11"
                }
            ],
            "ref_spans": [],
            "section": "Discussion"
        },
        {
            "text": "In this study, all the diarrheic puppies (100%) and majority of the healthy non-diarrheic puppies (80%) were positive for C. difficile. A variety of 20 species of bacteria and 10 species of fungi were isolated from the rectal swabs taken from healthy dogs [25] . Among them, E. coli, Streptococcus mitis, S. lactis, and Enterococci were more prevalent whereas Clostridium spp. and Lactobacillus spp. were least prevalent and neither Salmonella spp. nor Shigella were detected. Whereas, Clostridium spp. was most abundant in the fecal samples collected from dogs and cats (>20% on average) [26] . C. difficile was identified to cause of diarrhea in 10-21% of cases and postulated to be involved in some cases of acute hemorrhagic diarrhea syndrome in dogs [5, 27] . Thus, the increased prevalence of C. difficile in the fecal samples in puppies is explained by their normal inhabitance and abundance in the gastrointestinal tract of the puppies, more commonly among the diarrheic animals.",
            "cite_spans": [
                {
                    "start": 256,
                    "end": 260,
                    "text": "[25]",
                    "ref_id": "BIBREF24"
                },
                {
                    "start": 589,
                    "end": 593,
                    "text": "[26]",
                    "ref_id": "BIBREF25"
                },
                {
                    "start": 755,
                    "end": 758,
                    "text": "[5,",
                    "ref_id": "BIBREF4"
                },
                {
                    "start": 759,
                    "end": 762,
                    "text": "27]",
                    "ref_id": "BIBREF26"
                }
            ],
            "ref_spans": [],
            "section": "Discussion"
        },
        {
            "text": "The prevalence of CPV-2b in the diarrheic puppies (90.3%) was more when compared with the healthy non-diarrheic puppies (10%). The shedding of CPV and CDV is strongly associated with acute hemorrhagic diarrhea [4] . CPV-2 was typically seen in dogs without protective antibody titers, because of a lack of or an incomplete series of vaccinations [2] . A window of susceptibility also occurs in puppies, in which maternal antibody falls below protective levels but vaccine-induced immunity is lacking. CDV was involved in acute hemorrhagic diarrhea without prominent respiratory and neurological signs [28] .",
            "cite_spans": [
                {
                    "start": 210,
                    "end": 213,
                    "text": "[4]",
                    "ref_id": "BIBREF3"
                },
                {
                    "start": 346,
                    "end": 349,
                    "text": "[2]",
                    "ref_id": "BIBREF1"
                },
                {
                    "start": 601,
                    "end": 605,
                    "text": "[28]",
                    "ref_id": "BIBREF27"
                }
            ],
            "ref_spans": [],
            "section": "Discussion"
        },
        {
            "text": "Cpe, cpa toxin, STEC, E. coli -enterotoxin (LT), and CDV were identified in the puppies with hemorrhagic diarrhea, but none of them were isolated from the healthy puppies.",
            "cite_spans": [],
            "ref_spans": [],
            "section": "Discussion"
        },
        {
            "text": "C. perfringens was responsible for a wide range of diseases in humans and animals. The pathogenicity of this species is associated with the toxin production such as the major toxins-alpha, beta, epsilon and iota, and the minor toxin-enterotoxin (cpe) [29] .",
            "cite_spans": [
                {
                    "start": 251,
                    "end": 255,
                    "text": "[29]",
                    "ref_id": "BIBREF28"
                }
            ],
            "ref_spans": [],
            "section": "Discussion"
        },
        {
            "text": "The identification of C. perfringens in the affected puppies could be related to the intestinal dysbiosis. The changes in the intestinal environment of dogs with diarrhea promote increased proliferation and transient overgrowth of enterotoxigenic strains of C. perfringens, leading to detectable amounts of enterotoxin (cpe) in the feces [30] . Frequent growth of C. perfringens was observed in the intestine of dogs with CPV infection [31] .",
            "cite_spans": [
                {
                    "start": 338,
                    "end": 342,
                    "text": "[30]",
                    "ref_id": "BIBREF29"
                },
                {
                    "start": 436,
                    "end": 440,
                    "text": "[31]",
                    "ref_id": "BIBREF30"
                }
            ],
            "ref_spans": [],
            "section": "Discussion"
        },
        {
            "text": "The main pathogenic elements of STEC and enterotoxigenic E. coli were classified into shiga toxin (stx1, stx2), heat-labile toxin (LT), and heat-stable toxin (ST) [11] . A higher percentage of diarrheic dogs were positive for hemolytic E. coli, with increased prevalence in young age as the intestinal epithelium appears to be more permeable than is the intestinal epithelium in older dogs [32, 33] .",
            "cite_spans": [
                {
                    "start": 163,
                    "end": 167,
                    "text": "[11]",
                    "ref_id": "BIBREF10"
                },
                {
                    "start": 390,
                    "end": 394,
                    "text": "[32,",
                    "ref_id": "BIBREF31"
                },
                {
                    "start": 395,
                    "end": 398,
                    "text": "33]",
                    "ref_id": "BIBREF32"
                }
            ],
            "ref_spans": [],
            "section": "Discussion"
        },
        {
            "text": "Amoxicillin-clavulanate was recommended in patients with bacterial translocation [34] . Gentamicin was identified as the drug of choice for treating Gram-negative gastroenteritis bacteria and parvoviral enteritis [35, 36] . This supports the maximum sensitive pattern of gentamicin in 95% of the puppies with HGE. Cefotaxime was found useful against few Grampositive and most of the Gram-negative microbes implicated in parvoviral enteritis [37] , which was in turn found to be sensitive in 20% of the affected puppies. The choice and response to antibiotics vary with each and individual animal, as the type and composition of gastrointestinal microflora are not similar in all the animals [38] which explain the varying sensitivity pattern observed in the study.",
            "cite_spans": [
                {
                    "start": 81,
                    "end": 85,
                    "text": "[34]",
                    "ref_id": "BIBREF33"
                },
                {
                    "start": 213,
                    "end": 217,
                    "text": "[35,",
                    "ref_id": "BIBREF34"
                },
                {
                    "start": 218,
                    "end": 221,
                    "text": "36]",
                    "ref_id": "BIBREF35"
                },
                {
                    "start": 441,
                    "end": 445,
                    "text": "[37]",
                    "ref_id": "BIBREF36"
                },
                {
                    "start": 691,
                    "end": 695,
                    "text": "[38]",
                    "ref_id": "BIBREF37"
                }
            ],
            "ref_spans": [],
            "section": "Discussion"
        },
        {
            "text": "A higher prevalence of CPV-2b among the puppies with hemorrhagic diarrhea is evident in the locality. Effective vaccination program, client education, and disinfection strategies will help in reducing the incidence. C. difficile is identified to be a common enteropathogen in diarrheic as well as healthy puppies, yet its role in pathogenesis is not clearly understood. Various bacteria and the toxins also play an important role as a sole enteropathogen and in combination with viruses in the etiology of HGE in puppies. Gentamicin is found to have the maximum sensitivity pattern against the enteropathogens implicated in severe HGE.",
            "cite_spans": [],
            "ref_spans": [],
            "section": "Conclusion"
        }
    ],
    "bib_entries": {
        "BIBREF0": {
            "ref_id": "b0",
            "title": "Acute medical diseases of the small intestine",
            "authors": [
                {
                    "first": "S",
                    "middle": [
                        "W"
                    ],
                    "last": "Dow",
                    "suffix": ""
                }
            ],
            "year": 1996,
            "venue": "Handbook of Small Animal Gastroenterology",
            "volume": "",
            "issn": "",
            "pages": "246--266",
            "other_ids": {}
        },
        "BIBREF1": {
            "ref_id": "b1",
            "title": "Selected topics in pediatric gastroenterology",
            "authors": [
                {
                    "first": "M",
                    "middle": [
                        "L"
                    ],
                    "last": "Magne",
                    "suffix": ""
                }
            ],
            "year": 2006,
            "venue": "Vet. Clin. Small Anim",
            "volume": "36",
            "issn": "",
            "pages": "533--548",
            "other_ids": {}
        },
        "BIBREF2": {
            "ref_id": "b2",
            "title": "Enter pathogenic bacteria in dogs and cats: Diagnosis, epidemiology, treatment and control",
            "authors": [
                {
                    "first": "S",
                    "middle": [
                        "L"
                    ],
                    "last": "Marks",
                    "suffix": ""
                },
                {
                    "first": "S",
                    "middle": [
                        "C"
                    ],
                    "last": "Rankin",
                    "suffix": ""
                },
                {
                    "first": "B",
                    "middle": [
                        "A"
                    ],
                    "last": "Byrne",
                    "suffix": ""
                },
                {
                    "first": "J",
                    "middle": [
                        "S"
                    ],
                    "last": "Weese",
                    "suffix": ""
                }
            ],
            "year": 2011,
            "venue": "ACVIM Consens. Statement J. Vet. Intern. Med",
            "volume": "25",
            "issn": "",
            "pages": "1195--1208",
            "other_ids": {}
        },
        "BIBREF3": {
            "ref_id": "b3",
            "title": "Comparison of the prevalence of enteric viruses in healthy dogs and those with acute haemorrhagic diarrhoea by electron microscopy",
            "authors": [
                {
                    "first": "B",
                    "middle": [
                        "S"
                    ],
                    "last": "Schulz",
                    "suffix": ""
                },
                {
                    "first": "C",
                    "middle": [],
                    "last": "Strauch",
                    "suffix": ""
                },
                {
                    "first": "R",
                    "middle": [
                        "S"
                    ],
                    "last": "Mueller",
                    "suffix": ""
                },
                {
                    "first": "W",
                    "middle": [],
                    "last": "Eichhorn",
                    "suffix": ""
                },
                {
                    "first": "K",
                    "middle": [],
                    "last": "Hartmann",
                    "suffix": ""
                }
            ],
            "year": 2008,
            "venue": "J. Small Anim. Pract",
            "volume": "49",
            "issn": "",
            "pages": "84--88",
            "other_ids": {}
        },
        "BIBREF4": {
            "ref_id": "b4",
            "title": "The roles of C. difficile and enter toxigenic Clostridium perfringens in diarrhoea in dogs",
            "authors": [
                {
                    "first": "J",
                    "middle": [
                        "S"
                    ],
                    "last": "Weese",
                    "suffix": ""
                },
                {
                    "first": "H",
                    "middle": [
                        "R"
                    ],
                    "last": "Staempfli",
                    "suffix": ""
                },
                {
                    "first": "J",
                    "middle": [
                        "F"
                    ],
                    "last": "Prescott",
                    "suffix": ""
                }
            ],
            "year": 2001,
            "venue": "J. Vet. Intern. Med",
            "volume": "15",
            "issn": "",
            "pages": "374--378",
            "other_ids": {}
        },
        "BIBREF5": {
            "ref_id": "b5",
            "title": "Role of the gut in multiple organ failure. In: Textbook of Critical Care",
            "authors": [
                {
                    "first": "W",
                    "middle": [
                        "L"
                    ],
                    "last": "Biffl",
                    "suffix": ""
                },
                {
                    "first": "E",
                    "middle": [
                        "E"
                    ],
                    "last": "Moore",
                    "suffix": ""
                }
            ],
            "year": 2000,
            "venue": "",
            "volume": "",
            "issn": "",
            "pages": "",
            "other_ids": {}
        },
        "BIBREF6": {
            "ref_id": "b6",
            "title": "Treatment of aseptic dogs with haemorrhagic gastroenteritis with amoxicillin/clavulanic acid: A prospective blinded study",
            "authors": [
                {
                    "first": "S",
                    "middle": [],
                    "last": "Unterer",
                    "suffix": ""
                },
                {
                    "first": "K",
                    "middle": [],
                    "last": "Strohmeyer",
                    "suffix": ""
                },
                {
                    "first": "B",
                    "middle": [
                        "D"
                    ],
                    "last": "Kruse",
                    "suffix": ""
                },
                {
                    "first": "C",
                    "middle": [],
                    "last": "Sauter-Louis",
                    "suffix": ""
                },
                {
                    "first": "K",
                    "middle": [],
                    "last": "Hartmann",
                    "suffix": ""
                }
            ],
            "year": 2011,
            "venue": "J. Vet. Intern. Med",
            "volume": "25",
            "issn": "",
            "pages": "973--979",
            "other_ids": {}
        },
        "BIBREF7": {
            "ref_id": "b7",
            "title": "A sensitive method to detect canine parvo viral DNA in faecal samples by nested PCR",
            "authors": [
                {
                    "first": "M",
                    "middle": [],
                    "last": "Kumar",
                    "suffix": ""
                },
                {
                    "first": "S",
                    "middle": [],
                    "last": "Chidri",
                    "suffix": ""
                },
                {
                    "first": "S",
                    "middle": [],
                    "last": "Nandi",
                    "suffix": ""
                }
            ],
            "year": 2011,
            "venue": "Indian J. Biotechnol",
            "volume": "10",
            "issn": "",
            "pages": "183--187",
            "other_ids": {}
        },
        "BIBREF8": {
            "ref_id": "b8",
            "title": "Genotyping of canine distempervirus strains circulating in Brazil from",
            "authors": [
                {
                    "first": "R",
                    "middle": [
                        "F"
                    ],
                    "last": "Budaszewski",
                    "suffix": ""
                },
                {
                    "first": "L",
                    "middle": [
                        "C"
                    ],
                    "last": "Pinto",
                    "suffix": ""
                },
                {
                    "first": "M",
                    "middle": [
                        "N"
                    ],
                    "last": "Weber",
                    "suffix": ""
                },
                {
                    "first": "E",
                    "middle": [
                        "T"
                    ],
                    "last": "Caldart",
                    "suffix": ""
                },
                {
                    "first": "C",
                    "middle": [
                        "D B"
                    ],
                    "last": "Alves",
                    "suffix": ""
                },
                {
                    "first": "V",
                    "middle": [],
                    "last": "Martella",
                    "suffix": ""
                },
                {
                    "first": "N",
                    "middle": [],
                    "last": "Ikuta",
                    "suffix": ""
                },
                {
                    "first": "V",
                    "middle": [
                        "R"
                    ],
                    "last": "Lunge",
                    "suffix": ""
                },
                {
                    "first": "C",
                    "middle": [
                        "W"
                    ],
                    "last": "Canal",
                    "suffix": ""
                }
            ],
            "year": 2008,
            "venue": "Virus Res",
            "volume": "180",
            "issn": "",
            "pages": "76--83",
            "other_ids": {}
        },
        "BIBREF9": {
            "ref_id": "b9",
            "title": "Distribution of virulence genes in Salmonella serovars isolated from man and animals",
            "authors": [
                {
                    "first": "H",
                    "middle": [
                        "V"
                    ],
                    "last": "Murugkar",
                    "suffix": ""
                },
                {
                    "first": "H",
                    "middle": [],
                    "last": "Rahman",
                    "suffix": ""
                },
                {
                    "first": "P",
                    "middle": [
                        "K"
                    ],
                    "last": "Dutta",
                    "suffix": ""
                }
            ],
            "year": 2003,
            "venue": "Indian J. Med. Res",
            "volume": "117",
            "issn": "",
            "pages": "66--70",
            "other_ids": {}
        },
        "BIBREF10": {
            "ref_id": "b10",
            "title": "Identification of serotypes and virulence markers of Escherichia coli isolated from human stool and urine samples in Egypt",
            "authors": [
                {
                    "first": "K",
                    "middle": [
                        "M"
                    ],
                    "last": "Osman",
                    "suffix": ""
                },
                {
                    "first": "A",
                    "middle": [
                        "M"
                    ],
                    "last": "Mustafa",
                    "suffix": ""
                },
                {
                    "first": "M",
                    "middle": [],
                    "last": "Elhariri",
                    "suffix": ""
                },
                {
                    "first": "G",
                    "middle": [
                        "S"
                    ],
                    "last": "Abd-Elhamed",
                    "suffix": ""
                }
            ],
            "year": 2012,
            "venue": "Indian J. Vet. Microbiol",
            "volume": "30",
            "issn": "3",
            "pages": "308--313",
            "other_ids": {}
        },
        "BIBREF11": {
            "ref_id": "b11",
            "title": "PCR detection, identification to species level, and fingerprinting Campylobacter jejuni and Campylobacter coli direct from diarrheic samples",
            "authors": [
                {
                    "first": "D",
                    "middle": [],
                    "last": "Linton",
                    "suffix": ""
                },
                {
                    "first": "A",
                    "middle": [
                        "J"
                    ],
                    "last": "Lawson",
                    "suffix": ""
                },
                {
                    "first": "R",
                    "middle": [
                        "J"
                    ],
                    "last": "Owen",
                    "suffix": ""
                },
                {
                    "first": "J",
                    "middle": [],
                    "last": "Stanley",
                    "suffix": ""
                }
            ],
            "year": 1997,
            "venue": "J. Clin. Microbiol",
            "volume": "35",
            "issn": "10",
            "pages": "2568--2572",
            "other_ids": {}
        },
        "BIBREF12": {
            "ref_id": "b12",
            "title": "Fecal shedding of Clostridium difficile in dogs: A period prevalence survey in a veterinary medical teaching hospital",
            "authors": [
                {
                    "first": "A",
                    "middle": [
                        "L"
                    ],
                    "last": "Struble",
                    "suffix": ""
                },
                {
                    "first": "Y",
                    "middle": [
                        "J"
                    ],
                    "last": "Tang",
                    "suffix": ""
                },
                {
                    "first": "P",
                    "middle": [
                        "H"
                    ],
                    "last": "Kass",
                    "suffix": ""
                },
                {
                    "first": "P",
                    "middle": [
                        "H"
                    ],
                    "last": "Gumerlock",
                    "suffix": ""
                },
                {
                    "first": "B",
                    "middle": [
                        "R"
                    ],
                    "last": "Madewell",
                    "suffix": ""
                },
                {
                    "first": "J",
                    "middle": [],
                    "last": "Silva",
                    "suffix": ""
                }
            ],
            "year": 1994,
            "venue": "J. Vet. Diagn. Invest",
            "volume": "6",
            "issn": "",
            "pages": "342--347",
            "other_ids": {}
        },
        "BIBREF13": {
            "ref_id": "b13",
            "title": "Multiplex PCR assay for toxin typing Clostridium perfringens isolates obtained from finish broiler chickens",
            "authors": [
                {
                    "first": "A",
                    "middle": [],
                    "last": "Heikinheimo",
                    "suffix": ""
                },
                {
                    "first": "H",
                    "middle": [],
                    "last": "Korkeala",
                    "suffix": ""
                }
            ],
            "year": 2005,
            "venue": "Lett. Appl. Microbiol",
            "volume": "40",
            "issn": "",
            "pages": "407--411",
            "other_ids": {}
        },
        "BIBREF14": {
            "ref_id": "b14",
            "title": "Polymerase chain reaction amplification and typing of Rotavirus nucleic acid from Available at www",
            "authors": [
                {
                    "first": "V",
                    "middle": [],
                    "last": "Gouvea",
                    "suffix": ""
                },
                {
                    "first": "R",
                    "middle": [
                        "I"
                    ],
                    "last": "Glass",
                    "suffix": ""
                },
                {
                    "first": "P",
                    "middle": [],
                    "last": "Woods",
                    "suffix": ""
                },
                {
                    "first": "K",
                    "middle": [],
                    "last": "Taniguchi",
                    "suffix": ""
                },
                {
                    "first": "H",
                    "middle": [
                        "F"
                    ],
                    "last": "Clark",
                    "suffix": ""
                },
                {
                    "first": "B",
                    "middle": [],
                    "last": "Forrester",
                    "suffix": ""
                },
                {
                    "first": "Z",
                    "middle": [],
                    "last": "Fang",
                    "suffix": ""
                }
            ],
            "year": 1990,
            "venue": "J. Clin. Microbiol",
            "volume": "10",
            "issn": "2",
            "pages": "276--282",
            "other_ids": {}
        },
        "BIBREF15": {
            "ref_id": "b15",
            "title": "Development of a novel vaccine against Canine parvovirus infection with a clinical isolate of the Type 2b strain",
            "authors": [
                {
                    "first": "S",
                    "middle": [
                        "A"
                    ],
                    "last": "Park",
                    "suffix": ""
                },
                {
                    "first": "S",
                    "middle": [
                        "Y"
                    ],
                    "last": "Park",
                    "suffix": ""
                },
                {
                    "first": "C",
                    "middle": [
                        "S"
                    ],
                    "last": "Song",
                    "suffix": ""
                },
                {
                    "first": "I",
                    "middle": [
                        "S"
                    ],
                    "last": "Choi",
                    "suffix": ""
                },
                {
                    "first": "H",
                    "middle": [
                        "Y"
                    ],
                    "last": "Kim",
                    "suffix": ""
                },
                {
                    "first": "J",
                    "middle": [
                        "B"
                    ],
                    "last": "Lee",
                    "suffix": ""
                },
                {
                    "first": "N",
                    "middle": [
                        "H"
                    ],
                    "last": "Lee",
                    "suffix": ""
                }
            ],
            "year": 2012,
            "venue": "Clin. Exp. Vaccine Res",
            "volume": "1",
            "issn": "1",
            "pages": "70--76",
            "other_ids": {}
        },
        "BIBREF16": {
            "ref_id": "b16",
            "title": "Phylogenetic analysis of fusion (F) and hemagglutinin (H) genes of canine distemper virus from field isolates in Tamil Nadu",
            "authors": [
                {
                    "first": "K",
                    "middle": [
                        "S"
                    ],
                    "last": "Aarthi",
                    "suffix": ""
                },
                {
                    "first": "S",
                    "middle": [
                        "W"
                    ],
                    "last": "Josewin",
                    "suffix": ""
                },
                {
                    "first": "N",
                    "middle": [
                        "E"
                    ],
                    "last": "Jojo",
                    "suffix": ""
                }
            ],
            "year": 2015,
            "venue": "Int. J. Pure Appl. Biosci",
            "volume": "3",
            "issn": "3",
            "pages": "124--128",
            "other_ids": {}
        },
        "BIBREF17": {
            "ref_id": "b17",
            "title": "Two genotypes of Canine coronavirus simultaneously detected in the faecal samples of dogs with diarrhoea",
            "authors": [
                {
                    "first": "A",
                    "middle": [],
                    "last": "Pratelli",
                    "suffix": ""
                },
                {
                    "first": "N",
                    "middle": [],
                    "last": "Decaro",
                    "suffix": ""
                },
                {
                    "first": "A",
                    "middle": [],
                    "last": "Tinelli",
                    "suffix": ""
                },
                {
                    "first": "V",
                    "middle": [],
                    "last": "Martella",
                    "suffix": ""
                },
                {
                    "first": "G",
                    "middle": [],
                    "last": "Elia",
                    "suffix": ""
                },
                {
                    "first": "M",
                    "middle": [],
                    "last": "Tempesta",
                    "suffix": ""
                },
                {
                    "first": "F",
                    "middle": [],
                    "last": "Cirone",
                    "suffix": ""
                },
                {
                    "first": "C",
                    "middle": [],
                    "last": "Buonavoglia",
                    "suffix": ""
                }
            ],
            "year": 2004,
            "venue": "J. Clin. Microbiol",
            "volume": "42",
            "issn": "4",
            "pages": "1797--1799",
            "other_ids": {}
        },
        "BIBREF18": {
            "ref_id": "b18",
            "title": "Rapid, sensitive and cost effective method for isolation of viral DNA from faecal samples of dogs",
            "authors": [
                {
                    "first": "S",
                    "middle": [],
                    "last": "Minakshi",
                    "suffix": ""
                },
                {
                    "first": "G",
                    "middle": [],
                    "last": "Prasad",
                    "suffix": ""
                }
            ],
            "year": 2010,
            "venue": "Vet. World",
            "volume": "3",
            "issn": "3",
            "pages": "105--106",
            "other_ids": {}
        },
        "BIBREF19": {
            "ref_id": "b19",
            "title": "Antimicrobial susceptibility testing: A review of general principles and contemporary practices",
            "authors": [
                {
                    "first": "L",
                    "middle": [
                        "B"
                    ],
                    "last": "Reller",
                    "suffix": ""
                },
                {
                    "first": "M",
                    "middle": [],
                    "last": "Weinstein",
                    "suffix": ""
                },
                {
                    "first": "J",
                    "middle": [
                        "H"
                    ],
                    "last": "Jorgensen",
                    "suffix": ""
                },
                {
                    "first": "M",
                    "middle": [
                        "J"
                    ],
                    "last": "Ferraro",
                    "suffix": ""
                }
            ],
            "year": 2009,
            "venue": "Clin. Infect. Dis",
            "volume": "49",
            "issn": "11",
            "pages": "1749--1755",
            "other_ids": {}
        },
        "BIBREF20": {
            "ref_id": "b20",
            "title": "Bacterial enteritis in dogs and cats: Diagnosis, therapy and zoonotic potential",
            "authors": [
                {
                    "first": "J",
                    "middle": [
                        "S"
                    ],
                    "last": "Weese",
                    "suffix": ""
                }
            ],
            "year": 2011,
            "venue": "Vet. Clin. Small Anim",
            "volume": "41",
            "issn": "",
            "pages": "287--309",
            "other_ids": {}
        },
        "BIBREF21": {
            "ref_id": "b21",
            "title": "Detection of the eaeA gene in Escherichia coli from chickens by PCR",
            "authors": [
                {
                    "first": "A",
                    "middle": [],
                    "last": "Kilic",
                    "suffix": ""
                },
                {
                    "first": "H",
                    "middle": [
                        "B"
                    ],
                    "last": "Ertafi",
                    "suffix": ""
                },
                {
                    "first": "A",
                    "middle": [],
                    "last": "Muz",
                    "suffix": ""
                },
                {
                    "first": "G",
                    "middle": [],
                    "last": "Ozbey",
                    "suffix": ""
                },
                {
                    "first": "H",
                    "middle": [],
                    "last": "Kalender",
                    "suffix": ""
                }
            ],
            "year": 2007,
            "venue": "Turk. J. Vet. Anim. Sci",
            "volume": "31",
            "issn": "4",
            "pages": "215--218",
            "other_ids": {}
        },
        "BIBREF22": {
            "ref_id": "b22",
            "title": "Canine parvovirus infection: Which diagnostic test for virus?",
            "authors": [
                {
                    "first": "C",
                    "middle": [],
                    "last": "Desario",
                    "suffix": ""
                },
                {
                    "first": "N",
                    "middle": [],
                    "last": "Decaro",
                    "suffix": ""
                },
                {
                    "first": "M",
                    "middle": [],
                    "last": "Campolo",
                    "suffix": ""
                }
            ],
            "year": 2005,
            "venue": "J. Virol. Methods",
            "volume": "126",
            "issn": "1",
            "pages": "179--185",
            "other_ids": {}
        },
        "BIBREF23": {
            "ref_id": "b23",
            "title": "Prevalence of Canine coronavirus and parvovirus infections in dogs with gastroenteritis in Thailand",
            "authors": [
                {
                    "first": "K",
                    "middle": [],
                    "last": "Sakulwira",
                    "suffix": ""
                },
                {
                    "first": "P",
                    "middle": [],
                    "last": "Vanapontipagorn",
                    "suffix": ""
                },
                {
                    "first": "A",
                    "middle": [],
                    "last": "Theamboonlers",
                    "suffix": ""
                },
                {
                    "first": "K",
                    "middle": [],
                    "last": "Oraverakul",
                    "suffix": ""
                },
                {
                    "first": "Y",
                    "middle": [],
                    "last": "Poovorawan",
                    "suffix": ""
                }
            ],
            "year": 2003,
            "venue": "Vet. Med. Czech",
            "volume": "48",
            "issn": "6",
            "pages": "163--167",
            "other_ids": {}
        },
        "BIBREF24": {
            "ref_id": "b24",
            "title": "Normal flora of the nose, throat, and lower intestine of dogs",
            "authors": [
                {
                    "first": "W",
                    "middle": [
                        "E"
                    ],
                    "last": "Clapper",
                    "suffix": ""
                },
                {
                    "first": "G",
                    "middle": [
                        "H"
                    ],
                    "last": "Meade",
                    "suffix": ""
                }
            ],
            "year": 1962,
            "venue": "J. Bacteriol",
            "volume": "85",
            "issn": "",
            "pages": "643--648",
            "other_ids": {}
        },
        "BIBREF25": {
            "ref_id": "b25",
            "title": "Effect of a multi-species symbiotic formulation on fecal bacterial Microbiota of healthy cats and dogs as evaluated by pyrosequencing",
            "authors": [
                {
                    "first": "J",
                    "middle": [
                        "F"
                    ],
                    "last": "Garcia-Mazcorro",
                    "suffix": ""
                },
                {
                    "first": "D",
                    "middle": [
                        "J"
                    ],
                    "last": "Lanerie",
                    "suffix": ""
                },
                {
                    "first": "S",
                    "middle": [
                        "E"
                    ],
                    "last": "Dowd",
                    "suffix": ""
                },
                {
                    "first": "C",
                    "middle": [
                        "G"
                    ],
                    "last": "Paddock",
                    "suffix": ""
                },
                {
                    "first": "N",
                    "middle": [],
                    "last": "Gr\u00fctzner",
                    "suffix": ""
                },
                {
                    "first": "J",
                    "middle": [
                        "M"
                    ],
                    "last": "Steiner",
                    "suffix": ""
                },
                {
                    "first": "R",
                    "middle": [],
                    "last": "Ivanek",
                    "suffix": ""
                },
                {
                    "first": "J",
                    "middle": [
                        "S"
                    ],
                    "last": "Suchodolski",
                    "suffix": ""
                }
            ],
            "year": 2011,
            "venue": "FEMS Microbiol. Ecol",
            "volume": "78",
            "issn": "",
            "pages": "542--554",
            "other_ids": {}
        },
        "BIBREF26": {
            "ref_id": "b26",
            "title": "Evaluation of routine diagnostic faecal panel for dogs with diarrhoea",
            "authors": [
                {
                    "first": "N",
                    "middle": [
                        "J"
                    ],
                    "last": "Cave",
                    "suffix": ""
                },
                {
                    "first": "S",
                    "middle": [
                        "L"
                    ],
                    "last": "Marks",
                    "suffix": ""
                },
                {
                    "first": "P",
                    "middle": [
                        "H"
                    ],
                    "last": "Kass",
                    "suffix": ""
                },
                {
                    "first": "A",
                    "middle": [
                        "C"
                    ],
                    "last": "Melli",
                    "suffix": ""
                },
                {
                    "first": "M",
                    "middle": [
                        "A"
                    ],
                    "last": "Brophy",
                    "suffix": ""
                }
            ],
            "year": 2002,
            "venue": "J. Am. Vet. Med. Assoc",
            "volume": "221",
            "issn": "",
            "pages": "52--59",
            "other_ids": {}
        },
        "BIBREF27": {
            "ref_id": "b27",
            "title": "Canine distemper and related diseases: Report of a severe outbreak in a kennel",
            "authors": [
                {
                    "first": "N",
                    "middle": [],
                    "last": "Decaro",
                    "suffix": ""
                },
                {
                    "first": "M",
                    "middle": [],
                    "last": "Camero",
                    "suffix": ""
                },
                {
                    "first": "G",
                    "middle": [],
                    "last": "Greco",
                    "suffix": ""
                },
                {
                    "first": "N",
                    "middle": [],
                    "last": "Zizzo",
                    "suffix": ""
                },
                {
                    "first": "A",
                    "middle": [],
                    "last": "Tinelli",
                    "suffix": ""
                },
                {
                    "first": "M",
                    "middle": [],
                    "last": "Campolo",
                    "suffix": ""
                },
                {
                    "first": "A",
                    "middle": [],
                    "last": "Pratelli",
                    "suffix": ""
                },
                {
                    "first": "C",
                    "middle": [],
                    "last": "Buonavoglia",
                    "suffix": ""
                }
            ],
            "year": 2004,
            "venue": "N. Microbiol",
            "volume": "27",
            "issn": "",
            "pages": "177--181",
            "other_ids": {}
        },
        "BIBREF28": {
            "ref_id": "b28",
            "title": "Clostridial enteric diseases of domestic animals",
            "authors": [
                {
                    "first": "J",
                    "middle": [
                        "G"
                    ],
                    "last": "Songer",
                    "suffix": ""
                }
            ],
            "year": 1996,
            "venue": "Clin. Microbiol. Rev",
            "volume": "9",
            "issn": "",
            "pages": "216--234",
            "other_ids": {}
        },
        "BIBREF29": {
            "ref_id": "b29",
            "title": "Genotypic and phenotypic characterisation of Clostridium perfringens and Clostridium difficile in diarrhoeic and healthy dogs",
            "authors": [
                {
                    "first": "S",
                    "middle": [
                        "L"
                    ],
                    "last": "Marks",
                    "suffix": ""
                },
                {
                    "first": "E",
                    "middle": [
                        "J"
                    ],
                    "last": "Kather",
                    "suffix": ""
                },
                {
                    "first": "P",
                    "middle": [
                        "H"
                    ],
                    "last": "Kass",
                    "suffix": ""
                },
                {
                    "first": "A",
                    "middle": [
                        "C"
                    ],
                    "last": "Melli",
                    "suffix": ""
                }
            ],
            "year": 2002,
            "venue": "J. Vet. Intern. Med",
            "volume": "16",
            "issn": "",
            "pages": "533--540",
            "other_ids": {}
        },
        "BIBREF30": {
            "ref_id": "b30",
            "title": "Enteric clostridium perfringens infections associated with parvo viral enteritis in dogs",
            "authors": [
                {
                    "first": "J",
                    "middle": [],
                    "last": "Turk",
                    "suffix": ""
                },
                {
                    "first": "N",
                    "middle": [],
                    "last": "Fales",
                    "suffix": ""
                },
                {
                    "first": "M",
                    "middle": [],
                    "last": "Miller",
                    "suffix": ""
                },
                {
                    "first": "L",
                    "middle": [],
                    "last": "Paer",
                    "suffix": ""
                },
                {
                    "first": "J",
                    "middle": [],
                    "last": "Fesches",
                    "suffix": ""
                },
                {
                    "first": "H",
                    "middle": [],
                    "last": "Gasser",
                    "suffix": ""
                }
            ],
            "year": 1992,
            "venue": "J. Am. Vet. Med. Assoc",
            "volume": "200",
            "issn": "",
            "pages": "991--994",
            "other_ids": {}
        },
        "BIBREF31": {
            "ref_id": "b31",
            "title": "Characterization of enter pathogenic E. coli and antibiotic resistance properties in diarrheic pets",
            "authors": [
                {
                    "first": "D",
                    "middle": [
                        "H"
                    ],
                    "last": "Ali",
                    "suffix": ""
                },
                {
                    "first": "A",
                    "middle": [],
                    "last": "Metwally",
                    "suffix": ""
                }
            ],
            "year": 2015,
            "venue": "Alex. J. Vet. Sci",
            "volume": "45",
            "issn": "",
            "pages": "99--104",
            "other_ids": {}
        },
        "BIBREF32": {
            "ref_id": "b32",
            "title": "Escherichia coli infection in new born puppies",
            "authors": [
                {
                    "first": "A",
                    "middle": [],
                    "last": "Munnicha",
                    "suffix": ""
                },
                {
                    "first": "A",
                    "middle": [],
                    "last": "Lubke-Becker",
                    "suffix": ""
                }
            ],
            "year": 2004,
            "venue": "Clin. Epidemiol. Invest. Microbiol",
            "volume": "62",
            "issn": "",
            "pages": "562--575",
            "other_ids": {}
        },
        "BIBREF33": {
            "ref_id": "b33",
            "title": "Infectious Diseases of Dog and Cat",
            "authors": [
                {
                    "first": "C",
                    "middle": [
                        "E"
                    ],
                    "last": "Greene",
                    "suffix": ""
                },
                {
                    "first": "R",
                    "middle": [
                        "D"
                    ],
                    "last": "Schultz",
                    "suffix": ""
                }
            ],
            "year": 2006,
            "venue": "",
            "volume": "3",
            "issn": "",
            "pages": "110--1118",
            "other_ids": {}
        },
        "BIBREF34": {
            "ref_id": "b34",
            "title": "Clinic therapeutic aspects of gastroenteritis in dogs",
            "authors": [
                {
                    "first": "B",
                    "middle": [
                        "K"
                    ],
                    "last": "Banja",
                    "suffix": ""
                },
                {
                    "first": "N",
                    "middle": [],
                    "last": "Sahoo",
                    "suffix": ""
                },
                {
                    "first": "P",
                    "middle": [
                        "K"
                    ],
                    "last": "Das",
                    "suffix": ""
                },
                {
                    "first": "S",
                    "middle": [
                        "K"
                    ],
                    "last": "Ray",
                    "suffix": ""
                }
            ],
            "year": 2002,
            "venue": "Indian Vet. J",
            "volume": "79",
            "issn": "",
            "pages": "837--840",
            "other_ids": {}
        },
        "BIBREF35": {
            "ref_id": "b35",
            "title": "Haemorrhagic gastroenteritis in dogs -A clinical profile",
            "authors": [
                {
                    "first": "R",
                    "middle": [],
                    "last": "Ramprabhu",
                    "suffix": ""
                },
                {
                    "first": "S",
                    "middle": [],
                    "last": "Prathaban",
                    "suffix": ""
                },
                {
                    "first": "A",
                    "middle": [
                        "P"
                    ],
                    "last": "Nambi",
                    "suffix": ""
                },
                {
                    "first": "P",
                    "middle": [],
                    "last": "Dhanapalan",
                    "suffix": ""
                }
            ],
            "year": 2002,
            "venue": "Indian Vet. J",
            "volume": "79",
            "issn": "",
            "pages": "374--376",
            "other_ids": {}
        },
        "BIBREF36": {
            "ref_id": "b36",
            "title": "Canine parvo viral infection in dogs and their treatment",
            "authors": [
                {
                    "first": "K",
                    "middle": [
                        "B"
                    ],
                    "last": "Reddy",
                    "suffix": ""
                },
                {
                    "first": "B",
                    "middle": [],
                    "last": "Shobhamani",
                    "suffix": ""
                },
                {
                    "first": "B",
                    "middle": [],
                    "last": "Sreedevi",
                    "suffix": ""
                },
                {
                    "first": "D",
                    "middle": [
                        "R"
                    ],
                    "last": "Prameela",
                    "suffix": ""
                },
                {
                    "first": "B",
                    "middle": [
                        "S"
                    ],
                    "last": "Reddy",
                    "suffix": ""
                }
            ],
            "year": 2015,
            "venue": "Int. J. Vet. Sci",
            "volume": "4",
            "issn": "3",
            "pages": "142--144",
            "other_ids": {}
        },
        "BIBREF37": {
            "ref_id": "b37",
            "title": "Canine gastrointestinal microbiome in health and disease",
            "authors": [
                {
                    "first": "J",
                    "middle": [
                        "S"
                    ],
                    "last": "Suchodolski",
                    "suffix": ""
                },
                {
                    "first": "K",
                    "middle": [],
                    "last": "Simpson",
                    "suffix": ""
                }
            ],
            "year": 2013,
            "venue": "Vet. Focus",
            "volume": "23",
            "issn": "2",
            "pages": "22--28",
            "other_ids": {}
        }
    },
    "ref_entries": {
        "FIGREF0": {
            "text": "Enteropathogens identified in healthy and affected puppies.",
            "latex": null,
            "type": "figure"
        },
        "TABREF0": {
            "text": "Copyright: Priya, et al. Open Access. This article is distributed under the terms of the Creative Commons Attribution 4.use, distribution, and reproduction in any medium, provided you give appropriate credit to the original author(s) and the source, provide a link to the Creative Commons license, and indicate if changes were made. The Creative Commons Public Domain Dedication waiver (http://creativecommons.org/ publicdomain/zero/1.0/) applies to the data made available in this article, unless otherwise stated.",
            "latex": null,
            "type": "table"
        },
        "TABREF1": {
            "text": ": Canine HGE index suggested by Unterer et al.[7] with little modifications.",
            "latex": null,
            "type": "table"
        }
    },
    "back_matter": [
        {
            "text": "The corresponding author is thankful to the Department of Veterinary Clinical Medicine and Animal Biotechnology for providing the necessary facilities required throughout the research. The requirements for the study was funded by the Department of Veterinary Clinical Medicine and Animal Biotechnology, Madras Veterinary College, Tamil Nadu Veterinary and Animal Sciences University. The author is also thankful to the research fellow and supporting staff in the molecular laboratory for their help in sample analysis.",
            "cite_spans": [],
            "ref_spans": [],
            "section": "Acknowledgments"
        },
        {
            "text": "MB, DC, and MP helped to design the study. Sample collection and laboratory work was done by AKP. SP suggested necessary steps involved in the research throughout the study. All authors read and approved the final manuscript.",
            "cite_spans": [],
            "ref_spans": [],
            "section": "Authors' Contributions"
        },
        {
            "text": "The authors declare that they have no competing interests.",
            "cite_spans": [],
            "ref_spans": [],
            "section": "Competing Interests"
        }
    ]
}