{
    "cord_uid": "04q71md3",
    "source_x": "PMC",
    "pmcid": "PMC3930559",
    "divid": "28",
    "text": "Text S1 Additional materials & methods information and evaluation of the GLM-diffusion approach on empirical data. This supporting information text describes additional information on the following topics: (i) sequence and location data, (ii) incorporating uncertainty in air community assignment, (iii) Bayesian statistical analysis of sequence and trait evolution and (iv) comparing simulated spatial expansion to recorded H1N1 pandemic data. In addition, we report on an evaluation of the GLM-diffusion approach on empirical data. The supporting information text refers to figures and tables included in this text as Fig. S1 , S2, S3, S4 or Table S1-S5 in Text S1, as well to the additional supporting information Figures S1, S2 , S3, S4, S5. (PDF)",
    "project": "cdlai_CORD-19",
    "denotations": [
        {
            "id": "S-scispacy-abbr_T1",
            "span": {
                "begin": 299,
                "end": 302
            },
            "obj": "Abbreviation"
        }
    ]
}