{
    "cord_uid": "04q71md3",
    "source_x": "PMC",
    "pmcid": "PMC3930559",
    "divid": "7",
    "text": "We complemented a previously collected hemagglutinin sequence data set, comprising 1,441 sequences sampled globally from 2002 to 2007 [3] , with publicly available sequences sampled within the same time interval. The allocation of the sequence data into 15 and 26 geographic regions as well as into 14 air communities is described in detail in Supporting information Text S1.",
    "project": "cdlai_CORD-19",
    "denotations": []
}