{
    "cord_uid": "0oq4kkn5",
    "source_x": "PMC",
    "pmcid": "PMC5052702",
    "divid": "11",
    "text": "Trans-epoxysuccinic acid (=2,3-epoxybutanediacid, 200 mg, 1. 128.4, 126.9, 126.4, 125.9, 123.9, 57.0, 53.5, 52.9, 40.9, 34.7 (2), 28.3 (2), 24.4 (2) two carbonyl atoms and C-4 could not be resolved. mp.: 141-142°C.",
    "project": "cdlai_CORD-19",
    "denotations": [
        {
            "id": "S-scispacy-abbr_T1",
            "span": {
                "begin": 136,
                "end": 137
            },
            "obj": "Abbreviation"
        },
        {
            "id": "S-scispacy-abbr_T2",
            "span": {
                "begin": 126,
                "end": 127
            },
            "obj": "Abbreviation"
        },
        {
            "id": "S-scispacy-abbr_T3",
            "span": {
                "begin": 146,
                "end": 147
            },
            "obj": "Abbreviation"
        }
    ]
}