{
    "cord_uid": "0oq4kkn5",
    "source_x": "PMC",
    "pmcid": "PMC5052702",
    "divid": "3",
    "text": "Chymotrypsin 2) Human factor Xa 3) Human Caspase-3 4) 14 > 500 µM > 500 µM > 500 µM > 500 µM 20 > 500 µM > 500 µM > 500 µM > 300 µM 1) in 50 mM MOPS-NaOH pH 8.0 / 154 mM NaCl with 57 µM tert. butyloxycarbonyl (Boc)-LGR-7-amino-4methylcoumarin (AMC) as substrate; 2) in 50 mM MOPS-NaOH pH 8.0 / 154 mM NaCl with 1.6 mM AF-AMC as substrate. 3) in 50 mM MOPS-NaOH pH 8.0 / 154 mM NaCl with 114 µM Boc-LGR-AMC as substrate; 4) in 50 mM HEPES-NaOH pH 7.5 / 100 mM NaCl / 1 mM EDTA / 0.1% (w/v) CHAPS / 10% (v/v) glycerol /2 mM DTT with 10 µM acetyl-DEVD-AMC as substrate;",
    "project": "cdlai_CORD-19",
    "denotations": [
        {
            "id": "S-scispacy-abbr_T1",
            "span": {
                "begin": 244,
                "end": 247
            },
            "obj": "Abbreviation"
        }
    ]
}