{
    "cord_uid": "0oq4kkn5",
    "source_x": "PMC",
    "pmcid": "PMC5052702",
    "divid": "13",
    "text": "After addition of 2 (100 mg, 0. 5 mmol, 0.1 eq) sodium cyanoborohydride (62 mg, 1 mmol, 2 eq) was added and the solution was stirred for twelve hours. The reaction was quenched with water, the solvent removed in vacuo and the residue was purified with reversed phase high performance liquid chromatography, yielding 7 as a white solid. ",
    "project": "cdlai_CORD-19",
    "denotations": []
}