{
    "cord_uid": "0pmo3opx",
    "source_x": "PMC",
    "pmcid": "PMC5431086",
    "divid": "14",
    "text": "Biological Evaluation of cyc-LHSPW. Next, the specificity of the lead peptide inhibitor cyc-LHSPW was tested against a panel of cancer-associated proteases with wide-ranging substrate specificities (Fig. 5A) . APN was the only protease inhibited by cyc-LHSPW with chymotrypsin, trypsin, PSA, KLK7, aminopeptidase A, and the exopeptidase FAP all having K i values above 100 μM. Having assessed selectivity for purified ",
    "project": "cdlai_CORD-19",
    "denotations": []
}