{
    "cord_uid": "0pmo3opx",
    "source_x": "PMC",
    "pmcid": "PMC5431086",
    "divid": "1",
    "text": "The M1 family of metalloproteases represents a large number of exopeptidases that cleave single amino acid residues from the N-terminus of peptide substrates. One member of this family that has been well studied is aminopeptidase N (APN), a multifunctional protease known to cleave biologically active peptides and aide in coronavirus entry. The proteolytic activity of APN promotes cancer angiogenesis and metastasis making it an important target for cancer therapy. To understand the substrate specificity of APN for the development of targeted inhibitors, we used a global substrate profiling method to determine the P1-P4′ amino acid preferences. The key structural features of the APN pharmacophore required for substrate recognition were elucidated by x-ray crystallography. By combining these substrate profiling and structural data, we were able to design a selective peptide inhibitor of APN that was an effective therapeutic both in vitro and in vivo against APN-expressing prostate cancer models.",
    "project": "cdlai_CORD-19",
    "denotations": [
        {
            "id": "S-scispacy-abbr_T1",
            "span": {
                "begin": 686,
                "end": 689
            },
            "obj": "Abbreviation"
        },
        {
            "id": "S-scispacy-abbr_T2",
            "span": {
                "begin": 370,
                "end": 373
            },
            "obj": "Abbreviation"
        },
        {
            "id": "S-scispacy-abbr_T3",
            "span": {
                "begin": 897,
                "end": 900
            },
            "obj": "Abbreviation"
        },
        {
            "id": "S-scispacy-abbr_T4",
            "span": {
                "begin": 511,
                "end": 514
            },
            "obj": "Abbreviation"
        },
        {
            "id": "S-scispacy-abbr_T5",
            "span": {
                "begin": 233,
                "end": 236
            },
            "obj": "Abbreviation"
        }
    ]
}