{
    "cord_uid": "1dfzj1b3",
    "source_x": "PMC",
    "pmcid": "PMC6259136",
    "divid": "121",
    "text": "The antioxidant and anti-inflammatory activities of the essential oils are well documented; nevertheless their uses can be hampered due to the chemical variability of the oils. Several factors including harvesting time of the aromatic plant, climatic and agronomic conditions, vegetative development of the plant, the plant part used, type of extraction used can be considered as responsible for fluctuations in their chemical compositions.",
    "project": "cdlai_CORD-19",
    "denotations": []
}