{
    "cord_uid": "1dfzj1b3",
    "source_x": "PMC",
    "pmcid": "PMC6259136",
    "divid": "88",
    "text": "Cinnamaldehyde, isolated from an essential oil produced from the leaves of Cinnamomum osmophloeum, was reported to inhibit the secretion of IL-1β and TNF-α within LPS or lipoteichoic acid (LTA) stimulated murine J774A.1 macrophages. Cinnamaldehyde also suppressed the production of these cytokines from LPS stimulated human blood monocytes derived primary macrophages and human THP-1 monocytes [111] .",
    "project": "cdlai_CORD-19",
    "denotations": [
        {
            "id": "S-scispacy-abbr_T1",
            "span": {
                "begin": 189,
                "end": 192
            },
            "obj": "Abbreviation"
        }
    ]
}