{
    "cord_uid": "1dfzj1b3",
    "source_x": "PMC",
    "pmcid": "PMC6259136",
    "divid": "32",
    "text": "Antioxidant activity of essential oils of five spice plants used in the Mediterranean diet was evaluated [52] through the thiobarbituric acid reactive species (TBARS) test using egg yolk as substrate. All essential oils tested (Thymus vulgaris L., [Eugenia caryophyllus (C. Spreng) Bull et Hare], Origanum vulgare L., Salvia officinalis L. and Rosmarinus officinalis L.) had antioxidant activity, but Thymus vulgaris oil presented the best activity, close to that verified for BHT. Terpinen-4ol, γ-terpinene, cis-sabinene hydrate, linalool and p-cymene predominated.",
    "project": "cdlai_CORD-19",
    "denotations": [
        {
            "id": "S-scispacy-abbr_T1",
            "span": {
                "begin": 160,
                "end": 165
            },
            "obj": "Abbreviation"
        }
    ]
}