{
    "cord_uid": "1dfzj1b3",
    "source_x": "PMC",
    "pmcid": "PMC6259136",
    "divid": "19",
    "text": "These are stabilised via double-bond rearrangement (electron deslocalization), originating conjugated dienes and trienes. These intermediates decompose, originating alcohols, aldehydes, alkyl formates, ketones, hydrocarbons, alkoxyl radicals and formic acid. All of these compounds are considered secondary products of lipid oxidation [5] .",
    "project": "cdlai_CORD-19",
    "denotations": []
}