{
    "cord_uid": "1dfzj1b3",
    "source_x": "PMC",
    "pmcid": "PMC6259136",
    "divid": "113",
    "text": "Artemisia fukudo Makino essential oil, mainly constituted by α-thujone, β-thujone, camphor, and caryophyllene attenuates LPS-induced inflammation by suppressing NF-κB and MAPK activation in RAW 264.7 macrophages. The essential oil in LPS-induced inflammation act through the reduction of IκBα phosphorilation and blockage of NF-κB and translocation of p50 and p65 units to the nucleus. The same oil also suppressed the LPS-induced activation of phosphorilation of ERK, JNK and p38 MAPKs [116] .",
    "project": "cdlai_CORD-19",
    "denotations": []
}