{
    "cord_uid": "1dfzj1b3",
    "source_x": "PMC",
    "pmcid": "PMC6259136",
    "divid": "34",
    "text": "Thymus marschallianus Will. and Thymus proximus Serg. oils from China had lower capacity for preventing lecithin peroxidation than BHT, using TBARS method. Nevertheless, between the oils, that isolated from Thymus proximus had much higher activity. p-Cymene, γ-terpinene and thymol predominated in this ois, whereas in the other oil, only γ-terpinene and thymol dominated. According to these results, the authors [54] stressed the importance of p-cymene in the antioxidant activity of Thymus proximus, besides thymol and γ-terpinene.",
    "project": "cdlai_CORD-19",
    "denotations": []
}