{
    "cord_uid": "1dfzj1b3",
    "source_x": "PMC",
    "pmcid": "PMC6259136",
    "divid": "95",
    "text": "Nitric oxide (NO), prostaglandins and cytokines participate in inflammatory events. NO synthase (NOS) and cyclooxygenase (COX) catalise the formation of NO and prostaglandins, respectively. COX-2 and inducible NOS are considered as being inducible forms of these enzymes.",
    "project": "cdlai_CORD-19",
    "denotations": [
        {
            "id": "S-scispacy-abbr_T1",
            "span": {
                "begin": 84,
                "end": 86
            },
            "obj": "Abbreviation"
        },
        {
            "id": "S-scispacy-abbr_T2",
            "span": {
                "begin": 14,
                "end": 16
            },
            "obj": "Abbreviation"
        },
        {
            "id": "S-scispacy-abbr_T3",
            "span": {
                "begin": 153,
                "end": 155
            },
            "obj": "Abbreviation"
        },
        {
            "id": "S-scispacy-abbr_T4",
            "span": {
                "begin": 210,
                "end": 213
            },
            "obj": "Abbreviation"
        },
        {
            "id": "S-scispacy-abbr_T5",
            "span": {
                "begin": 97,
                "end": 100
            },
            "obj": "Abbreviation"
        },
        {
            "id": "S-scispacy-abbr_T6",
            "span": {
                "begin": 122,
                "end": 125
            },
            "obj": "Abbreviation"
        }
    ]
}