{
    "cord_uid": "1dfzj1b3",
    "source_x": "PMC",
    "pmcid": "PMC6259136",
    "divid": "12",
    "text": "There are two very popular methods for monitoring lipid peroxidation: determination of conjugated dienes (absorbance at 234 nm) and the TBARS (thiobarbituric acid reactive substances) assay. This method measures the malonaldehyde formed after lipid hydroperoxide decomposition, which forms a pink chromophore with thiobarbituric acid (TBA). However, TBARS is representative of a rather late stage of lipid oxidation, when the oxidation substrate has undergone substantial transformation [29] . There are other methods, including the determination of peroxide value, iodine value, chromatographic measurement of volatile compounds, formic acid measurement [the Rancimat method in an automated test that measures the conductivity of low molecular weight fatty acids (formic acid) produced during the auto-oxidation of lipids at 100 ºC or above] [5] .",
    "project": "cdlai_CORD-19",
    "denotations": [
        {
            "id": "S-scispacy-abbr_T1",
            "span": {
                "begin": 335,
                "end": 338
            },
            "obj": "Abbreviation"
        }
    ]
}