{
    "cord_uid": "1dfzj1b3",
    "source_x": "PMC",
    "pmcid": "PMC6259136",
    "divid": "15",
    "text": "In addition to the methods to determine the chain-breaking antioxidant activity, there are also the remaining methods for evaluating the capacity for scavenging other free radicals such as superoxide, hydroxyl, nitric oxide, peroxynitrite or for chelating metals (secondary antioxidants). Many methods have been developed and compiled in recent review articles, being also in some of them reported the advantages and disadvantages of those methods [27, [30] [31] [32] [33] [34] [35] [36] [37] [38] [39] [40] [41] . The antioxidant ability of the essential oils has also been evaluated using several methods. A recent review discusses the diversity of tests used by different authors for evaluating the antioxidant activity of essential oils [5] .",
    "project": "cdlai_CORD-19",
    "denotations": []
}