{
    "cord_uid": "1dfzj1b3",
    "source_x": "PMC",
    "pmcid": "PMC6259136",
    "divid": "20",
    "text": "In assessing lipid peroxidation, several lipid substrates can be used. i.e. oils and fats, linoleic acid, fatty acid methyl esters and low-density lipoproteins (LDLs). The antioxidant activity in such systems can be detected by measuring the substrate and the oxidant consumption, and the intermediates or the final products formation [5] .",
    "project": "cdlai_CORD-19",
    "denotations": [
        {
            "id": "S-scispacy-abbr_T1",
            "span": {
                "begin": 161,
                "end": 165
            },
            "obj": "Abbreviation"
        }
    ]
}