{
    "cord_uid": "1qgpa45q",
    "source_x": "PMC",
    "pmcid": "PMC6941262",
    "divid": "8",
    "text": "Whole genome sequencing was successful for all 5 clinical samples that were attempted. A single genomic sequence was obtained from each sample, and the length of the 5 new HMPV genomes ranged from 13,097 to 13, 134 nt (> 95% length coverage). Sequencing and data assembly parameters, including coverage depth are shown in Table 1 .",
    "project": "cdlai_CORD-19",
    "denotations": []
}