{
    "cord_uid": "1qgpa45q",
    "source_x": "PMC",
    "pmcid": "PMC6941262",
    "divid": "13",
    "text": "We evaluated phylogenetic classification and relationship between the 5 new genomes obtained in this study and previously published genomes (Fig. 3) . Full genome Figure S3 . There was phylogenetic congruence with the individual gene sequence sets as with the full genome dataset, except for F and M2 gene (Additional file 3: Figure S3 ).",
    "project": "cdlai_CORD-19",
    "denotations": []
}