{
    "cord_uid": "1qgpa45q",
    "source_x": "PMC",
    "pmcid": "PMC6941262",
    "divid": "12",
    "text": "The coding sequences of N, M, F, M2-1, M2-2, and L genes were conserved at nucleotide and amino acid levels, by sharing > 85% between-subgroup nucleotide identity and 90% protein identity ( Table 3 ). The nucleoprotein gene was the most conserved among all subgroups at the nt and aa levels. SH and G glycoprotein genes were more divergent between the HMPV subgroups at the nucleotide level with 76 and 63% identity, respectively. The SH protein length was variable between group A and B strains due to a nucleotide substitution (CAA ➔ TAA) at gene position 532 in group B, resulting in protein lengths of 178 and 180 aa, respectively. The predicted G protein length also varied among the different HMPV subgroups, between 219 and 241 aa, due to different positions of the Stop codon. Amino acid sequence diversity for G and SH glycoproteins is depicted in Fig. 2 and Additional file 2: Figure S2 , respectively. The diversity of the complete nucleotide sequences of SH and G genes is depicted in phylogenetic trees in Fig. 3 .",
    "project": "cdlai_CORD-19",
    "denotations": []
}