{
    "cord_uid": "1wjhsg2y",
    "source_x": "PMC",
    "pmcid": "PMC6466127",
    "divid": "5",
    "text": "Several published reviews and books have highlighted the role of bats as reservoirs for emerging viruses, and described factors that may make bats \"special\" as disease reservoirs [24] [25] [26] [27] [28] [29] [30] . Bat-associated viruses have contributed to thousands of human deaths and economic losses exceeding billions of dollars [18, 26] , notably Nipah and Hendra paramyxoviruses, severe acute respiratory syndrome (SARS) and SARS-like coronaviruses, swine acute diarrhea syndrome coronavirus (SADS-CoV), and Ebola and",
    "project": "cdlai_CORD-19",
    "denotations": [
        {
            "id": "S-scispacy-abbr_T1",
            "span": {
                "begin": 423,
                "end": 427
            },
            "obj": "Abbreviation"
        },
        {
            "id": "S-scispacy-abbr_T2",
            "span": {
                "begin": 501,
                "end": 509
            },
            "obj": "Abbreviation"
        }
    ]
}