{
    "cord_uid": "21iw0bej",
    "source_x": "PMC",
    "pmcid": "PMC5296350",
    "divid": "14",
    "text": "Statistical differences were analyzed using the Student's t-test for all analysis, except of 3C and 3D dose-dependent test in Figures 4B,D with Pearson correlation coefficient. Data are presented as means and standard deviations (SD). * P-values of < 0.05 were considered statistically significant. Frontiers in Cellular and Infection Microbiology | www.frontiersin.org",
    "project": "cdlai_CORD-19",
    "denotations": [
        {
            "id": "S-scispacy-abbr_T1",
            "span": {
                "begin": 230,
                "end": 232
            },
            "obj": "Abbreviation"
        }
    ]
}