{
    "cord_uid": "2586thss",
    "source_x": "PMC",
    "pmcid": "PMC3573733",
    "divid": "1",
    "text": "It is estimated that approximately 180 million people have been infected with the hepatitis C virus (HCV) and approximately 130 million people are chronic HCV carriers (1).",
    "project": "cdlai_CORD-19",
    "denotations": [
        {
            "id": "S-scispacy-abbr_T1",
            "span": {
                "begin": 155,
                "end": 158
            },
            "obj": "Abbreviation"
        },
        {
            "id": "S-scispacy-abbr_T2",
            "span": {
                "begin": 101,
                "end": 104
            },
            "obj": "Abbreviation"
        }
    ]
}