{
    "cord_uid": "2586thss",
    "source_x": "PMC",
    "pmcid": "PMC3573733",
    "divid": "4",
    "text": "A panel of 23 standard positive sera, 8 standard negative sera, a set of quality control references for anti-HCV detection that contain known amounts of anti-HCV antibodies (Artron BioResearch Inc., Burnaby, BC, Canada) and 300 clinical sera were used for the antigenicity assessment of HCV proteins. Other reagents and instruments included goat anti-mouse HCV IgG polyclonal antibody, 30-60 nm colloidal gold particles (from Artron BioResearch Inc.), HCV-ELISA (KHB, Shanghai, China), a NanoDrop ® ND-1000 Spectrophotometer, a Bio-Rad BioLogic LP, ZQ4000 test strip cutter, and XYZ-3000 Bio-Dot (all from Bio-Rad, Shanghai, China).",
    "project": "cdlai_CORD-19",
    "denotations": []
}