{
    "cord_uid": "26lvnqaq",
    "source_x": "PMC",
    "pmcid": "PMC6116506",
    "divid": "3",
    "text": "Genetically, distinct H9N2 lineages have been described, the G1 being probably the most widespread. In fact, H9N2 viruses of the G1 lineage emerged in Hong Kong in 1997 [2] , and steadily spread to the rest of Asia, reaching the Middle East [3] and North Africa [4] [5] [6] [7] , by the year 2000 and 2006, respectively. In 2016, the virus severely affected Morocco and, for the first time, was reported in sub-Sahara Africa, being reported in Burkina Faso, in West Africa [8] . In many of these regions, the virus has become an endemic presence notwithstanding the implementation of vaccination, increased biosafety and surveillance measures, and is frequently associated with moderate-to-high mortality in broilers and Open Access *Correspondence: fbonfante@izsvenezie.it 1 Division of Comparative Biomedical Sciences, Istituto Zooprofilattico Sperimentale delle Venezie, Viale dell'Università, 10, 35020 Legnaro, Italy Full list of author information is available at the end of the article long-lasting drops in egg production in layers and breeders [4, 5, 9] .",
    "project": "cdlai_CORD-19",
    "denotations": []
}