{
    "cord_uid": "26lvnqaq",
    "source_x": "PMC",
    "pmcid": "PMC6116506",
    "divid": "18",
    "text": "AIV quantitative real time RT-PCR (qRRT-PCR) was performed using the published probe and primers targeting the avian gene M from Spackman et al. [27] .",
    "project": "cdlai_CORD-19",
    "denotations": [
        {
            "id": "S-scispacy-abbr_T1",
            "span": {
                "begin": 35,
                "end": 43
            },
            "obj": "Abbreviation"
        }
    ]
}