{
    "cord_uid": "26lvnqaq",
    "source_x": "PMC",
    "pmcid": "PMC6116506",
    "divid": "19",
    "text": "For qRRT-PCR assays of blood and organs, a standard curve was generated using triplicates of ten-fold serial dilutions of in vitro transcribed RNA to obtain the quantification of the samples expressed in copies/ µL. The in vitro transcribed RNA was generated using the MEGAscript T7 transcription Kit (Ambion ® , Austin, USA) with the H7N1 subtype A/ostrich/Italy/984/2000 strain as a template.",
    "project": "cdlai_CORD-19",
    "denotations": []
}