{
    "cord_uid": "26lvnqaq",
    "source_x": "PMC",
    "pmcid": "PMC6116506",
    "divid": "14",
    "text": "In this experiment, 10 birds were challenged to evaluate whether viremia played a role in the spread of the virus to extra-respiratory and extra-digestive tissues. Birds were swabbed in the trachea on day 2 pi, to ensure infection was ongoing. On days 2 and 3 pi, five birds were sedated with 300 µL of tiletamine and zolazepam via the intramuscular route and euthanized by exsanguination, via cardiac puncture to collect as much blood as possible and test both blood cells and plasma for the presence of virus RNA.",
    "project": "cdlai_CORD-19",
    "denotations": []
}